Date,Open,High,Low,Close,Volume,Currency
11/9/18,88.30269623,89.56569672,50.68099976,68.75080109,2585660,USD
11/10/18,70.26550293,98.51339722,61.19290161,87.05580139,4748070,USD
11/11/18,87.69589996,125.1119995,83.15429688,113.4670029,8902820,USD
11/12/18,116.4550018,123.5559998,104.4499969,112.064003,10779600,USD
11/13/18,109.9029999,208.4019928,109.2990036,208.4019928,20708000,USD
11/14/18,205.7559967,243.7850037,155.3820038,174.8079987,36795500,USD
11/15/18,176.2810059,179.5140076,70.96920013,93.70279694,40105900,USD
11/16/18,94.46510315,134.2929993,76.79489899,122.9670029,180605000,USD
11/17/18,123.2919998,143.0279999,122.1409988,130.4799957,200816000,USD
11/18/18,130.2929993,130.7489929,105.288002,106.223999,83486800,USD
11/19/18,105.836998,107.711998,69.65869904,72.11340332,97310700,USD
11/20/18,71.64859772,72.96849823,48.37979889,50.66189957,124675000,USD
11/21/18,51.12149811,54.24269867,48.69369888,50.74689865,56414700,USD
11/22/18,50.71829987,51.5469017,42.75130081,42.75130081,32667900,USD
11/23/18,42.50279999,59.46699905,36.86959839,54.02980042,118574000,USD
11/24/18,52.82109833,68.25450134,50.69639969,58.50220108,172732000,USD
11/25/18,60.28419876,91.54329681,57.31819916,87.38359833,379158000,USD
11/26/18,88.7378006,125.5339966,87.91739655,111.6969986,589274000,USD
11/27/18,113.4199982,121.8690033,84.95310211,91.94450378,296211000,USD
11/28/18,90.61650085,103.8850021,80.94989777,97.93589783,308722000,USD
11/29/18,97.9282074,100.3046722,91.8373642,98.06893158,130600465,USD
11/30/18,97.28663635,106.3490982,92.84005737,95.2827301,166060949,USD
12/1/18,95.11039734,96.63200378,87.84997559,93.53663635,75286999,USD
12/2/18,93.00228119,103.3630905,92.59972382,100.3718491,108434556,USD
12/3/18,99.87864685,100.193924,91.22938538,94.4617157,79018303,USD
12/4/18,94.32264709,94.74893951,89.91616058,90.18128967,56754945,USD
12/5/18,90.21820068,93.64505768,84.5787735,86.31101227,75407123,USD
12/6/18,86.16136169,110.1368713,86.16136169,103.6924362,194059088,USD
12/7/18,103.5159454,113.6686478,94.82354736,103.878685,217760983,USD
12/8/18,103.7935715,104.0845184,96.35329437,98.68031311,76137934,USD
12/9/18,98.42055511,99.71310425,93.23067474,97.41510773,72826742,USD
12/10/18,97.36524963,101.497673,95.23220062,95.31970978,63688727,USD
12/11/18,95.33892822,95.33892822,87.25813293,90.24471283,63771772,USD
12/12/18,90.01745605,92.57950592,88.04312897,88.84349823,42144081,USD
12/13/18,88.73006439,88.87541962,77.53310394,78.37155914,58473172,USD
12/14/18,78.37265015,81.28231049,69.94432068,70.27165222,66921657,USD
12/15/18,69.98171997,73.15150452,64.5195694,68.13880157,61398931,USD
12/16/18,67.92063904,79.28074646,67.62187195,77.34347534,95335466,USD
12/17/18,78.52210236,82.40558624,75.26751709,81.69871521,106775615,USD
12/18/18,81.75282288,85.11013031,77.32386017,84.61183929,112996794,USD
12/19/18,84.4066391,96.96793365,82.73616791,86.51200867,188633838,USD
12/20/18,85.49822235,119.5156631,85.11631775,112.0300293,424270497,USD
12/21/18,110.216713,134.5878754,103.0937119,108.4186401,492080721,USD
12/22/18,109.3313675,114.7333221,102.4944305,109.0893784,207087564,USD
12/23/18,108.984581,113.8537445,105.307312,106.9712219,168248047,USD
12/24/18,107.402359,113.2511139,101.478157,102.4622192,168359714,USD
12/25/18,102.5511932,102.5511932,90.28601074,93.4549942,146914405,USD
12/26/18,93.36867523,98.88749695,91.46649933,94.51141357,118701099,USD
12/27/18,94.79542542,98.44731903,84.59296417,84.87197876,92318856,USD
12/28/18,85.27572632,94.49727631,82.70030212,93.63550568,113487961,USD
12/29/18,94.0981369,94.0981369,89.4278183,89.4278183,75204687,USD
12/30/18,89.57188416,90.21086884,87.79936981,88.56031799,57931119,USD
12/31/18,88.75263214,88.75263214,84.89911652,84.95630646,52690384,USD
1/1/19,84.78556824,95.24066162,84.69229126,92.14231873,108083721,USD
1/2/19,92.54141998,95.78713226,90.32285309,94.88376617,94042085,USD
1/3/19,95.23699188,96.27689362,87.35235596,88.64332581,75308623,USD
1/4/19,88.27017212,90.07243347,85.7352066,87.64524841,66629980,USD
1/5/19,87.4815979,91.80607605,86.98387909,88.52013397,66121035,USD
1/6/19,88.42558289,91.67263031,87.23430634,90.3757019,57596543,USD
1/7/19,90.16503143,90.53701782,88.01998138,88.78430939,44587533,USD
1/8/19,88.95458221,89.52416992,86.85290527,87.57784271,54825087,USD
1/9/19,87.6833725,88.09657288,86.69998932,87.04032135,44904722,USD
1/10/19,87.10300446,89.79031372,75.10170746,75.91951752,100285980,USD
1/11/19,75.59527588,76.02878571,73.43364716,75.02858734,73534881,USD
1/12/19,75.0506897,84.98070526,75.0506897,82.79888916,176584499,USD
1/13/19,82.80580902,87.89267731,75.20513916,77.4431839,134938585,USD
1/14/19,78.99817657,81.4769516,76.41235352,80.36785126,87682393,USD
1/15/19,80.43505859,81.61741638,76.7171402,77.44013977,61102447,USD
1/16/19,77.4305954,79.37362671,76.87271881,78.19503784,66358792,USD
1/17/19,78.12467957,78.28844452,76.49771118,78.05489349,62380870,USD
1/18/19,77.90496826,77.90496826,75.42603302,75.96495819,59556650,USD
1/19/19,76.12679291,77.86560822,75.78472137,77.53108978,57607818,USD
1/20/19,77.42483521,77.42483521,74.64818573,75.34282684,57177839,USD
1/21/19,75.44026947,76.99463654,74.43959045,75.00953674,54569897,USD
1/22/19,75.01875305,76.7568512,73.33631897,75.92505646,60200752,USD
1/23/19,75.9174118,76.54320526,75.14847565,75.53712463,57199065,USD
1/24/19,75.57713318,75.67604065,74.09555817,74.52320862,57765740,USD
1/25/19,74.69496155,76.25634003,73.99006653,74.73625946,62356147,USD
1/26/19,74.83116913,75.44194031,73.74459839,73.97471619,48715609,USD
1/27/19,74.04559326,74.13635254,71.64480591,71.82894897,56898464,USD
1/28/19,71.87930298,71.87930298,62.65726471,64.99356079,88068769,USD
1/29/19,65.00046539,65.81678009,61.98493958,63.54367447,86525991,USD
1/30/19,63.5234108,68.06768036,63.06752396,66.37735748,90454423,USD
1/31/19,66.28940582,67.30442047,62.99057007,63.97595215,76607875,USD
2/1/19,64.06296539,65.0291748,63.38142014,64.34941864,66405205,USD
2/2/19,64.23390198,66.02285004,64.13507843,65.75070953,67771998,USD
2/3/19,65.65081024,65.66589355,63.51917648,63.71969986,58052365,USD
2/4/19,63.87008667,64.22350311,62.85077286,63.00328064,49250475,USD
2/5/19,62.8550415,62.99195862,60.5712204,60.93704605,48771767,USD
2/6/19,61.25613022,67.71285248,57.51321793,62.88685608,146371619,USD
2/7/19,62.50761414,65.87168884,61.10201645,62.50389481,92434471,USD
2/8/19,62.47726822,68.16730499,61.5022583,67.34107208,94084306,USD
2/9/19,67.4101944,67.51735687,65.43411255,66.08634186,72906743,USD
2/10/19,66.00817871,66.61217499,63.802948,66.61217499,80275617,USD
2/11/19,66.75550079,66.89215851,64.97011566,64.97512817,71458349,USD
2/12/19,64.92506409,66.2793045,64.30397034,65.50086975,64185736,USD
2/13/19,65.59579468,66.05415344,64.4391098,64.55147552,59144580,USD
2/14/19,64.54012299,64.75641632,62.69087219,62.69616699,59115294,USD
2/15/19,62.70766449,63.54976654,62.02758789,62.40342712,69091467,USD
2/16/19,62.34933853,63.13900757,62.06864929,62.29397583,71658497,USD
2/17/19,62.29806519,63.48714447,61.77266312,62.86761475,83425628,USD
2/18/19,63.44886398,69.95568085,63.19701385,67.64528656,172847783,USD
2/19/19,67.69963074,70.69256592,67.09065247,67.09065247,137410469,USD
2/20/19,67.07139587,67.96765137,65.65380096,67.50337219,102500845,USD
2/21/19,67.51063538,67.96226501,64.92512512,65.3903656,84290326,USD
2/22/19,65.31517792,66.32710266,64.79740906,65.95569611,73661306,USD
2/23/19,65.84420013,68.73647308,65.17043304,68.73647308,93440728,USD
2/24/19,69.11952972,69.85984039,60.71668243,61.20140457,132163469,USD
2/25/19,61.23319626,71.7131424,61.17162323,68.3873291,189035735,USD
2/26/19,68.32328033,75.90338135,68.32328033,74.58010101,224567303,USD
2/27/19,74.47470856,74.47470856,66.62653351,67.85826874,122067413,USD
2/28/19,67.8192215,69.46974945,66.54719543,67.3156662,94004768,USD
3/1/19,67.25029755,68.61669922,66.59049988,66.99598694,79611503,USD
3/2/19,66.86260986,67.41091156,66.34318542,66.91291046,70341089,USD
3/3/19,66.90524292,67.23736572,65.22164917,65.41330719,77359163,USD
3/4/19,65.33005524,65.54387665,62.98381424,63.46039581,83033489,USD
3/5/19,63.41592026,67.88541412,63.41592026,67.28263855,108532649,USD
3/6/19,67.17193604,67.64830017,66.28516388,66.91051483,83949274,USD
3/7/19,66.97373962,67.31060791,66.28473663,66.85542297,80228565,USD
3/8/19,66.90466309,70.13980865,65.37530518,65.57273102,103991079,USD
3/9/19,65.63391113,68.44533539,65.46544647,66.76921844,81346906,USD
3/10/19,66.87155151,68.06276703,66.11108398,66.81183624,73421603,USD
3/11/19,66.81441498,67.12302399,65.15546417,65.28668976,126738128,USD
3/12/19,65.24815369,66.06074524,64.20430756,65.84036255,57798152,USD
3/13/19,65.9175415,65.99613953,64.6210022,64.98365784,54907880,USD
3/14/19,64.98682404,67.55269623,64.98682404,66.2740097,93890837,USD
3/15/19,66.21083069,68.354599,65.73516846,67.69133759,107343633,USD
3/16/19,67.68373871,71.89471436,67.59729004,68.98405457,247381332,USD
3/17/19,68.98079681,69.33152008,67.3427887,68.46751404,88594646,USD
3/18/19,68.54654694,70.25273895,66.4026413,67.26747131,116157796,USD
3/19/19,67.25159454,67.47558594,66.22451782,67.11702728,94744734,USD
3/20/19,67.16773987,67.26628876,66.03436279,66.84788513,87084621,USD
3/21/19,66.88140869,68.63970184,64.71161652,65.93904877,111105005,USD
3/22/19,65.85958862,67.71180725,65.62033844,66.63890076,95048996,USD
3/23/19,66.60324097,68.11183929,66.39580536,67.3687439,104157457,USD
3/24/19,67.33657837,67.39958191,65.8551712,65.91825867,78083330,USD
3/25/19,66.03069305,66.03069305,63.68806458,64.40122223,101968755,USD
3/26/19,64.3946228,65.20307159,63.22370911,64.42920685,102461049,USD
3/27/19,64.49624634,66.0788269,64.24630737,66.02541351,100937303,USD
3/28/19,66.01262665,66.03130341,64.19438934,64.68040466,82857486,USD
3/29/19,64.68040466,65.18097687,64.08567047,64.36421967,100661362,USD
3/30/19,64.24933624,68.76103973,64.17867279,65.01840973,81489759,USD
3/31/19,65.01840973,65.16594696,64.44078064,64.98201752,65214626,USD
4/1/19,64.97100067,66.66077423,64.71296692,66.08122253,87877273,USD
4/2/19,66.10160065,80.360672,65.97636414,78.82975769,329007780,USD
4/3/19,78.64442444,95.13609314,78.64442444,82.05205536,654020727,USD
4/4/19,82.49937439,93.2465744,80.83537292,83.00415039,360592952,USD
4/5/19,82.90271759,85.97085571,82.53605652,84.32375336,174697160,USD
4/6/19,84.33259583,89.26628113,82.59204102,84.65802765,188899709,USD
4/7/19,84.64784241,87.51899719,83.56273651,86.41330719,176075347,USD
4/8/19,86.34375763,87.87253571,81.32823944,83.15901947,171370508,USD
4/9/19,83.15901947,83.16664886,77.46035004,78.65434265,134536135,USD
4/10/19,78.66196442,82.06262207,78.59864044,80.06678009,123540292,USD
4/11/19,80.06866455,84.11888123,69.14916229,71.74871063,199924705,USD
4/12/19,71.76636505,74.37418365,69.10690308,71.447052,143465843,USD
4/13/19,71.41743469,72.01564789,69.5005722,69.95690155,96837329,USD
4/14/19,69.95690155,71.06087494,69.23560333,71.04638672,83823672,USD
4/15/19,71.04638672,74.29692078,59.03321075,59.28951263,237454559,USD
4/16/19,59.29639053,61.41767883,54.23748398,57.46571732,191336609,USD
4/17/19,57.33568192,57.33568192,54.79537201,55.3404274,119936671,USD
4/18/19,55.32665253,62.59064865,54.8322258,59.4921875,175668105,USD
4/19/19,59.49824524,60.91001892,57.96458435,59.39594269,118232833,USD
4/20/19,59.39626312,59.60456467,58.39273071,58.75252914,97374625,USD
4/21/19,58.77461624,58.84595108,55.08623123,56.62556076,123194177,USD
4/22/19,56.61248779,59.69664383,55.59716415,57.81051636,106421505,USD
4/23/19,57.81562042,58.94212723,56.30654907,56.33031845,94085913,USD
4/24/19,56.33031845,56.35984802,50.28979492,54.09767151,122432498,USD
4/25/19,54.18754578,55.95292282,50.51683044,51.39870453,119815217,USD
4/26/19,51.50971222,56.02235794,50.91626358,53.83702469,147698251,USD
4/27/19,53.87194824,55.18809891,52.97098923,54.49734879,92755636,USD
4/28/19,54.49562073,55.41632462,54.02996445,54.27997589,97437821,USD
4/29/19,54.27565765,54.41837311,52.21897125,52.754879,104679316,USD
4/30/19,52.77577209,54.43456268,52.46327972,54.19306564,113908288,USD
5/1/19,54.1981926,55.13994217,53.16733932,53.53136444,106057394,USD
5/2/19,53.5009346,54.08171082,52.56389618,53.13694763,95570062,USD
5/3/19,53.14466095,55.36505508,52.77798462,54.16404724,123618537,USD
5/4/19,54.17433929,54.96474075,52.96092224,53.56682587,122251186,USD
5/5/19,53.58889389,54.71133423,53.04613495,53.6553421,89974873,USD
5/6/19,53.64010239,53.64010239,51.77452087,52.84075928,98035276,USD
5/7/19,52.79954147,53.76654434,52.61962509,52.80267715,97303577,USD
5/8/19,52.70776367,59.20401001,52.48478317,59.0900383,133689050,USD
5/9/19,59.0567131,59.11380005,55.93733978,56.74189758,124125121,USD
5/10/19,56.70762253,58.52118683,55.70827103,57.87385178,108481767,USD
5/11/19,57.83626175,63.32043457,57.36727524,60.96836853,201908379,USD
5/12/19,60.96694183,64.52370453,55.99538422,57.75450134,194447328,USD
5/13/19,57.75450134,61.86088943,57.16399384,60.46294403,179303818,USD
5/14/19,60.45187378,63.84615707,58.52206802,60.23326111,213959690,USD
5/15/19,60.36455917,74.22385406,59.96624756,72.74008179,237979817,USD
5/16/19,72.52311707,75.02131653,63.98104858,64.76573181,278082971,USD
5/17/19,64.69871521,65.55809021,55.6721077,60.32320786,204200358,USD
5/18/19,60.08535767,61.1513443,59.32518768,59.56681824,109057663,USD
5/19/19,59.54824448,66.71125793,59.41493225,65.57836914,180383225,USD
5/20/19,65.57836914,65.57836914,60.70599747,63.15008545,133817626,USD
5/21/19,63.17171097,139.3136597,61.71480942,104.2822342,849739777,USD
5/22/19,104.2822342,118.3864365,98.27265167,104.7144547,645603421,USD
5/23/19,104.8092804,105.9440384,95.79990387,101.7609711,311327876,USD
5/24/19,101.7328873,101.9300385,96.58527374,99.068573,263760378,USD
5/25/19,99.068573,99.65048981,88.68924713,92.83889771,232005986,USD
5/26/19,92.81694794,114.7796402,88.82646179,106.0843506,395277784,USD
5/27/19,106.289917,121.684845,104.2427521,117.0497131,464164742,USD
5/28/19,116.7635803,126.3788681,113.9728165,121.7155685,360355881,USD
5/29/19,121.7041092,201.1652679,114.6219482,201.1652679,1372257576,USD
5/30/19,201.0967865,251.0674133,176.4848328,184.6964569,1701098408,USD
5/31/19,184.6964569,199.3709717,177.6828003,195.7880859,860474026,USD
6/1/19,195.776123,196.0717773,185.9397583,189.0402985,443075483,USD
6/2/19,189.0402985,193.2821503,184.4444275,191.9661255,399065617,USD
6/3/19,191.9661255,236.113266,191.9661255,220.9957581,1276844770,USD
6/4/19,220.6470795,233.2744293,207.3270111,229.240097,1041376694,USD
6/5/19,229.240097,233.9577637,204.8623657,217.8052673,908076210,USD
6/6/19,217.5253296,217.7049713,179.0655823,200.2810822,804600969,USD
6/7/19,200.0026398,209.5557556,192.7488708,203.980545,645656461,USD
6/8/19,203.8886719,204.5457611,190.4146271,195.4355011,490959287,USD
6/9/19,195.4234314,198.1635742,182.0423126,185.3717957,486304407,USD
6/10/19,185.2010803,194.1164856,181.5488892,192.3895721,521254229,USD
6/11/19,192.2421417,192.628067,182.7362366,186.2473907,374841356,USD
6/12/19,186.1220703,192.726593,184.6527557,189.4979095,400363266,USD
6/13/19,189.4605103,218.330246,189.4605103,213.0565796,620178218,USD
6/14/19,212.9621277,216.0753632,203.5487061,215.7213898,484575773,USD
6/15/19,215.4513702,215.5424194,204.5549316,209.9099426,393473435,USD
6/16/19,209.9099426,218.7516937,208.118927,212.168045,459971394,USD
6/17/19,212.1336212,233.8221283,211.9966888,225.3526306,486086957,USD
6/18/19,225.3682098,230.5339966,218.9620819,222.4966888,409787530,USD
6/19/19,222.9064941,226.8129883,221.4435883,224.387085,282370528,USD
6/20/19,224.3370056,226.7716064,208.6970978,217.4420319,418563454,USD
6/21/19,217.0009308,225.4980316,217.0009308,222.3048248,463710554,USD
6/22/19,222.4936676,255.8814087,222.2796021,238.3435364,790157733,USD
6/23/19,238.5254974,244.5113678,231.2551117,237.3661499,481450076,USD
6/24/19,237.3661499,239.3504486,228.5110931,234.976181,429771128,USD
6/25/19,235.3351898,245.3837738,233.8934174,238.0237274,503047721,USD
6/26/19,238.0237274,250.057312,200.9689026,219.2951202,944584216,USD
6/27/19,219.5318756,225.8749695,181.8081055,197.1096039,824199502,USD
6/28/19,197.3960419,226.5647125,193.3539276,211.3075104,710425552,USD
6/29/19,210.9003601,214.5238495,203.9773254,214.3581085,494932038,USD
6/30/19,214.5033264,219.0019531,194.203125,194.203125,474619499,USD
7/1/19,194.203125,203.1151581,186.8322754,197.5303497,472842297,USD
7/2/19,197.6083069,198.5253143,183.0728607,196.0072174,440032169,USD
7/3/19,196.0307312,205.6658325,196.0307312,203.9639282,387613310,USD
7/4/19,203.9781799,205.4572449,194.6951599,196.2833862,343528997,USD
7/5/19,196.1026154,204.0784149,194.6868134,198.7159424,342311892,USD
7/6/19,198.7759399,203.2924347,195.8540192,198.2839661,294431974,USD
7/7/19,198.4374695,202.4924011,189.7120361,199.552475,321610434,USD
7/8/19,199.696991,202.1941833,196.7256165,201.5113831,335586229,USD
7/9/19,201.4156799,213.5461884,200.6474609,204.776886,415041486,USD
7/10/19,204.9547577,208.5105591,183.183075,190.9752045,417095458,USD
7/11/19,191.0071564,191.3644409,154.1837158,162.7867737,454676972,USD
7/12/19,163.0895538,170.1148529,154.7953949,166.605423,355403798,USD
7/13/19,166.6838379,166.8469543,148.3961334,153.796402,274784587,USD
7/14/19,153.9914398,155.3523865,125.4031677,126.4027557,354809356,USD
7/15/19,126.3114777,132.6941833,106.7023697,129.3389435,579118154,USD
7/16/19,129.4168701,135.4353027,110.6125641,111.3319321,402596666,USD
7/17/19,111.2334061,124.6616974,108.6128006,120.249649,410415966,USD
7/18/19,120.1790085,138.3026581,118.6971359,135.4487762,423360161,USD
7/19/19,135.4487762,146.9445038,133.9196777,145.9481506,343949930,USD
7/20/19,146.0564728,181.2776031,146.0216675,172.8644104,598603382,USD
7/21/19,172.9683075,188.0682526,164.7484131,176.6991882,508699424,USD
7/22/19,176.7677612,178.5001984,163.8445435,168.3826447,407459369,USD
7/23/19,168.4519653,181.3856659,163.4788818,169.9188995,487997158,USD
7/24/19,169.8747711,170.0705414,156.6679535,168.150238,473528100,USD
7/25/19,168.1161194,170.7015533,161.9076843,162.0513611,362315489,USD
7/26/19,162.1221924,163.9697876,156.581955,163.1446838,335536585,USD
7/27/19,163.1446838,164.9330139,147.8297729,151.8531342,389906728,USD
7/28/19,151.8531342,152.0662842,138.1224823,147.8667145,331028992,USD
7/29/19,147.6363678,153.0587463,144.6812134,146.3525085,351580630,USD
7/30/19,146.3144226,151.4163208,142.783432,146.8799286,310051662,USD
7/31/19,146.7039032,151.4428558,145.759079,147.9765625,372187747,USD
8/1/19,148.032608,148.7613678,141.7580414,146.7426758,294749555,USD
8/2/19,146.7372589,157.0321503,145.7152252,148.5428772,315048239,USD
8/3/19,148.5077667,155.2512054,147.9141998,151.7406006,303058062,USD
8/4/19,151.8141785,153.5789795,146.4795532,150.5039215,304525776,USD
8/5/19,150.3739471,158.0059662,150.1517029,154.0399475,356214803,USD
8/6/19,154.1621552,160.4929352,143.4137573,147.0782928,386226479,USD
8/7/19,147.3032227,151.0756989,144.798172,147.2584686,338490075,USD
8/8/19,147.2584686,148.0192261,139.9459991,144.1165466,310419705,USD
8/9/19,144.1553955,146.9176483,138.5292053,140.6494904,341459784,USD
8/10/19,140.6494904,146.0652313,139.2968903,141.4674683,339805538,USD
8/11/19,141.524292,147.4186249,141.524292,145.8398438,296628678,USD
8/12/19,145.8499756,147.5975037,142.3572845,142.4556274,248822151,USD
8/13/19,142.5290375,144.2420959,139.7997589,143.0272827,302211348,USD
8/14/19,143.0272827,151.7621307,130.4709778,133.9241791,413771458,USD
8/15/19,134.6320038,138.2182922,124.9072266,135.5336609,402042236,USD
8/16/19,135.5164032,137.6843262,131.3252716,134.849884,305356492,USD
8/17/19,134.9412079,136.7599945,130.9212799,133.4876099,259106571,USD
8/18/19,133.5102844,138.8296661,131.4389191,136.6014557,263906620,USD
8/19/19,136.6947784,145.9858856,136.0039673,145.8647766,310302000,USD
8/20/19,146.0631256,146.8730469,139.9692078,140.5296783,261710692,USD
8/21/19,140.5646515,140.7371216,130.5810852,133.2610474,308967051,USD
8/22/19,133.288147,137.2067261,129.4724426,135.1671906,308386970,USD
8/23/19,135.1671906,136.5072327,133.636734,136.2455292,298744767,USD
8/24/19,136.1742249,136.6369019,131.0634613,133.6564789,289320210,USD
8/25/19,133.3251953,135.5497131,131.5611572,132.9440308,283207352,USD
8/26/19,132.759079,135.8627777,130.2784424,131.6569977,330515940,USD
8/27/19,131.5871124,135.1455536,128.1039276,134.1949463,341224340,USD
8/28/19,134.3035126,134.3035126,125.3185883,125.6192398,292196902,USD
8/29/19,125.6964798,134.4407654,120.6310196,128.8765717,392524362,USD
8/30/19,128.8765717,131.5342407,125.9593964,130.4054565,322508749,USD
8/31/19,130.4754791,130.4754791,126.980011,129.4134216,279414915,USD
9/1/19,129.38591,129.8573151,127.275444,129.6526642,280438624,USD
9/2/19,130.0192871,135.24617,128.7006226,133.6452484,327131780,USD
9/3/19,133.7805176,137.2967987,133.6943665,135.1655579,355166862,USD
9/4/19,135.2402649,135.4564972,131.5850067,131.8544464,288271329,USD
9/5/19,131.944519,133.8353119,129.2454376,130.5293732,298935720,USD
9/6/19,130.5293732,137.3318024,129.6217194,131.2370148,357116235,USD
9/7/19,131.4257202,136.0384674,130.5592804,134.6115875,322452434,USD
9/8/19,134.7860565,137.9033508,133.7969513,135.5324402,307391476,USD
9/9/19,135.5324402,138.1766357,128.1052399,131.4188843,358026181,USD
9/10/19,131.3419189,132.004303,125.1422272,126.3481064,329559950,USD
9/11/19,126.4910812,127.340271,113.0613632,120.117897,352362965,USD
9/12/19,120.117897,120.5851746,117.1528091,120.0777817,223982727,USD
9/13/19,120.0819092,120.3918076,116.9318314,118.1224442,259858641,USD
9/14/19,117.7791672,121.3005753,117.0510864,119.6099548,206474305,USD
9/15/19,119.6099548,124.8027573,118.2257462,119.7955017,288012019,USD
9/16/19,119.7516708,124.2059708,119.6905518,122.7560425,290530221,USD
9/17/19,122.6820526,126.9174805,120.6749878,125.3305206,261322488,USD
9/18/19,125.4798508,130.0345764,122.2284927,125.8038559,392307803,USD
9/19/19,125.7516098,126.3352432,119.3641129,122.8630295,309211017,USD
9/20/19,122.8622894,126.7559509,122.2237091,122.9261551,281651168,USD
9/21/19,122.9661713,123.8572617,121.8663254,122.4684067,251839198,USD
9/22/19,122.4714127,122.5202332,117.597023,119.9474106,242721087,USD
9/23/19,119.8748627,120.1643753,113.8967667,113.9365387,212881041,USD
9/24/19,113.9062042,114.6349564,70.97676849,83.79653168,423586533,USD
9/25/19,83.57628632,89.92810822,82.65169525,86.8334198,426955957,USD
9/26/19,86.84162903,86.84162903,79.89211273,83.9115448,317185904,USD
9/27/19,83.77420044,85.90953827,80.91410828,84.99005127,306495767,USD
9/28/19,85.03774261,85.35127258,83.50619507,84.48995972,214814898,USD
9/29/19,84.63399506,84.89175415,81.36148071,82.70510864,197802787,USD
9/30/19,82.71503448,88.53613281,81.01337433,87.42097473,257954647,USD
10/1/19,87.47218323,89.6072464,84.16613007,84.96086884,221813390,USD
10/2/19,84.96086884,85.2346344,82.4017868,84.97664642,198465338,USD
10/3/19,84.96084595,85.06493378,81.8418808,83.16386414,175634620,USD
10/4/19,83.19433594,84.12451935,82.30125427,83.65504456,185634199,USD
10/5/19,83.65504456,83.66164398,81.83588409,82.51469421,181882747,USD
10/6/19,82.50266266,83.80180359,81.53939819,82.14633942,198006418,USD
10/7/19,81.92746735,85.5199585,81.1049118,84.39907837,220337415,USD
10/8/19,84.38256073,85.43218231,83.97262573,84.54006958,226789231,USD
10/9/19,84.49131012,95.31858063,83.74001312,91.40910339,260940560,USD
10/10/19,91.38373566,91.95258331,87.42308807,88.72637939,283585145,USD
10/11/19,88.66012573,90.98815155,83.29974365,84.60569763,253215601,USD
10/12/19,84.57022095,87.18190765,84.57022095,87.13777161,229512808,USD
10/13/19,87.12056732,89.64745331,85.87657928,86.65646362,267105276,USD
10/14/19,86.65646362,87.96086121,86.11089325,87.20746613,225321414,USD
10/15/19,87.15911102,90.88137054,85.54627991,89.52144623,320044316,USD
10/16/19,89.53451538,93.51717377,85.18119812,88.3486557,348703625,USD
10/17/19,88.26625824,89.70922089,86.18667603,89.68734741,271421781,USD
10/18/19,89.63153839,91.69409943,86.43968201,90.46369171,345538896,USD
10/19/19,90.49554443,91.75308228,89.57836914,90.29940033,281678299,USD
10/20/19,90.30473328,96.0892334,88.78064728,94.70426178,303194147,USD
10/21/19,94.68914795,113.2374496,94.3653183,112.6655426,541954757,USD
10/22/19,112.520256,114.4331055,106.3114777,106.3516541,512483208,USD
10/23/19,106.2532043,107.5306625,93.86244965,97.55319214,499965271,USD
10/24/19,97.60170746,113.4690704,94.85124207,106.8905792,590775287,USD
10/25/19,107.5349655,136.1255188,107.2508698,133.5274048,1003567974,USD
10/26/19,133.6510315,150.1295166,129.3323822,138.7203064,1085213668,USD
10/27/19,139.37117,145.5549622,133.7675323,140.4682465,834794509,USD
10/28/19,140.3872528,143.6874542,135.1219482,138.275589,835319397,USD
10/29/19,138.1764374,142.6921539,137.2091827,141.2641296,877591979,USD
10/30/19,141.3084259,144.8297119,130.9927826,135.8783875,812504442,USD
10/31/19,135.7250671,136.8132782,126.0443573,129.7899475,681579729,USD
11/1/19,129.7102051,130.6726227,126.3639908,129.8045349,675418596,USD
11/2/19,129.8045349,134.4006958,128.9141388,132.0773315,643408094,USD
11/3/19,132.0228882,134.7737274,127.5914459,129.5755157,625193166,USD
11/4/19,129.5189514,133.2021637,125.2948685,132.3811951,693642230,USD
11/5/19,132.3811951,141.7270966,129.1933746,138.1662292,679981472,USD
11/6/19,138.2003632,141.7507019,137.5414734,139.5082092,594544968,USD
11/7/19,139.3892059,139.5112457,131.8900299,133.8142853,625253653,USD
11/8/19,133.8091583,134.294632,122.9168854,124.7252731,596195515,USD
11/9/19,124.7063828,131.0535431,124.2215271,130.0020294,554798622,USD
11/10/19,129.9865265,136.8270416,129.6907959,134.7499695,672594575,USD
11/11/19,134.7549896,136.4151917,130.2952881,131.8100433,545751160,USD
11/12/19,131.832962,134.1448059,130.5623322,131.9125519,483240340,USD
11/13/19,131.9281158,132.4950562,125.6819382,129.570282,459041836,USD
11/14/19,129.5979004,129.9996643,125.8741302,126.7815247,536349429,USD
11/15/19,126.851059,127.8050766,122.8550568,123.8286667,504904340,USD
11/16/19,123.8911591,125.2384491,122.4576874,124.4440155,445795162,USD
11/17/19,124.4440155,126.3916168,121.625473,124.3419647,433044444,USD
11/18/19,124.349205,124.7087555,115.4148636,117.8784256,461338463,USD
11/19/19,117.81633,118.9757004,107.444397,110.4828644,505270411,USD
11/20/19,110.4926147,111.9939957,106.2349243,106.5528946,520424423,USD
11/21/19,106.5309906,107.9919128,97.51134491,100.2551117,544006907,USD
11/22/19,100.2551117,103.0350876,89.44718933,96.94806671,616441731,USD
11/23/19,97.02649689,112.1965103,93.8852005,109.2382736,739152543,USD
11/24/19,109.2355347,109.6656723,100.4082108,100.4082108,599838915,USD
11/25/19,100.8115616,110.5872879,94.52303314,104.5395432,642537570,USD
11/26/19,104.5250626,109.6620712,104.195015,107.7908096,528497445,USD
11/27/19,107.3917618,109.6783295,100.9362106,107.8636475,503979901,USD
11/28/19,107.9715271,110.4668884,105.5784149,106.3404846,395048212,USD
11/29/19,106.3703156,111.9648438,106.2354584,109.5177994,453679422,USD
11/30/19,109.443367,110.59655,106.2302094,107.6802368,392006505,USD
12/1/19,107.6959,107.7002258,101.4525986,104.2931519,377438739,USD
12/2/19,104.3742752,104.8924484,99.64289093,100.5247955,393387957,USD
12/3/19,100.5247955,101.9132233,95.63759613,95.96349335,408257124,USD
12/4/19,96.0003891,100.9054642,94.51239014,95.43590546,492295285,USD
12/5/19,95.44558716,100.3644638,94.09924316,95.92944336,399408720,USD
12/6/19,95.94404602,97.13100433,95.06879425,97.01097107,343359094,USD
12/7/19,97.01987457,97.69856262,95.62809753,96.34725952,317692202,USD
12/8/19,96.35852814,97.99634552,95.4475708,97.44611359,255260742,USD
12/9/19,97.46846771,97.75331879,94.61906433,95.45896149,312825507,USD
12/10/19,95.43733215,97.74632263,94.7363205,96.40153503,315945295,USD
12/11/19,96.42784119,96.58990479,94.44514465,94.64265442,292799841,USD
12/12/19,94.64493561,95.29405975,92.25788879,93.06809235,430999056,USD
12/13/19,93.06343079,93.81208801,92.16544342,93.37570953,382985017,USD
12/14/19,93.33873749,94.37371063,92.35073853,93.02854919,364795485,USD
12/15/19,93.04741669,93.61975861,89.74125671,93.48094177,360708498,USD
12/16/19,93.42137909,93.53438568,88.71063232,89.60107422,392384682,USD
12/17/19,89.60107422,89.87340546,80.04956055,81.01239014,474725801,USD
12/18/19,80.68038177,86.91252136,78.19145966,86.32672882,601322552,USD
12/19/19,86.33692932,88.03936005,81.72394562,85.5378418,473470788,USD
12/20/19,85.5378418,89.26799011,84.59853363,88.52583313,410922506,USD
12/21/19,88.55935669,89.06497192,84.89212036,85.33881378,389706406,USD
12/22/19,85.33101654,88.38938141,84.84515381,88.03830719,389220983,USD
12/23/19,88.10205078,90.12218475,85.90139008,86.33729553,477921064,USD
12/24/19,86.24959564,88.47093964,85.69664764,87.60792542,418897369,USD
12/25/19,87.60792542,88.19306183,85.54239655,86.80799103,381783943,USD
12/26/19,86.82514191,90.96284485,85.67910004,87.62068939,387354065,USD
12/27/19,87.62889862,91.78744507,86.64499664,90.57264709,469045045,USD
12/28/19,90.5786972,96.17793274,90.39877319,94.35094452,497082872,USD
12/29/19,94.17616272,102.0510559,93.7506485,100.356041,569875111,USD
12/30/19,100.363121,100.9249954,94.32510376,96.97650909,610692227,USD
12/31/19,97.01721191,98.64949036,94.54247284,97.0788269,533536931,USD
1/1/20,97.0788269,99.84942627,96.41432953,97.20179749,450643882,USD
1/2/20,97.23760223,97.74055481,92.70539093,92.83791351,424249976,USD
1/3/20,93.0845108,103.8891678,92.11457825,102.6099625,697088052,USD
1/4/20,102.6998749,110.2143097,102.4686508,109.6670914,712444844,USD
1/5/20,109.675209,114.7617416,109.2396011,110.8650894,650101885,USD
1/6/20,110.9914246,117.9483261,110.3549042,117.8140411,796700319,USD
1/7/20,117.7525024,118.6575394,110.7052536,114.0628128,776247251,USD
1/8/20,114.0628128,116.1369247,111.3048706,114.1733704,762929032,USD
1/9/20,114.1140823,118.3463364,112.7740097,117.7422943,679848557,USD
1/10/20,117.6565704,172.7569427,116.6746445,171.1642303,1782635151,USD
1/11/20,171.0756531,175.6250305,149.3019409,150.7318726,1779222123,USD
1/12/20,151.3286285,168.8140411,148.5810699,165.0128021,1360791215,USD
1/13/20,164.8852539,174.6592102,159.9598999,174.3273621,1227224459,USD
1/14/20,173.8060608,441.1965637,173.5840912,422.7356873,7460265156,USD
1/15/20,420.6819458,421.5262756,285.6822205,312.7556458,5432389775,USD
1/16/20,312.0617981,333.8732605,282.2265625,312.8806763,3966458240,USD
1/17/20,313.3834534,330.3887634,274.0141602,286.4017944,3565786206,USD
1/18/20,286.5119324,297.5357056,245.1820831,249.1907196,3246126279,USD
1/19/20,249.9074097,276.9186401,238.8455353,276.9186401,3190579995,USD
1/20/20,278.0603333,320.6426086,264.6915283,301.6965942,3279329941,USD
1/21/20,300.7888184,323.3013306,290.9819031,314.52771,2836183879,USD
1/22/20,314.793335,322.1907654,299.273468,308.9052734,2192284387,USD
1/23/20,308.5447388,308.585022,248.2833862,259.1357727,2643222739,USD
1/24/20,259.0895081,281.4699402,247.2959137,266.975769,2733224386,USD
1/25/20,266.4119873,270.3371887,253.4713135,261.8514404,1764624059,USD
1/26/20,261.6226501,277.2640991,254.8527374,274.1991882,2003477064,USD
1/27/20,274.2621155,318.7865295,274.1022644,300.3503113,3260926617,USD
1/28/20,300.1286926,311.1367493,279.4581909,294.7631226,2987485223,USD
1/29/20,294.9683838,303.9039307,282.6755676,287.9704285,2955203277,USD
1/30/20,287.4692383,306.6995239,284.5903625,298.8234253,2639457631,USD
1/31/20,298.7815552,298.9177246,265.0791626,272.3962097,2306111736,USD
2/1/20,272.9117432,288.0604553,270.9261169,278.6494446,2045188904,USD
2/2/20,278.0517883,286.1499023,271.8634338,276.7426147,1947042982,USD
2/3/20,276.7426147,285.4448853,275.1427002,280.7286072,1966449392,USD
2/4/20,280.6349792,282.7148438,267.8049011,272.0567322,1848976319,USD
2/5/20,271.9516296,304.3865356,269.1757813,298.8831787,2723740891,USD
2/6/20,299.4275208,306.2124939,292.5310669,295.6504211,2403576503,USD
2/7/20,295.6661072,302.5376587,290.624115,295.7012024,2039225645,USD
2/8/20,295.6715698,346.1575317,290.3830261,336.2476501,3637921786,USD
2/9/20,336.2753906,366.3366394,331.7277222,350.0896301,3583539558,USD
2/10/20,350.8322754,355.5209045,339.3374023,352.3561401,3169406345,USD
2/11/20,352.6224976,366.1286316,346.5242615,363.3983154,2971745227,USD
2/12/20,363.4389648,375.72052,363.0080261,366.7179565,3020567588,USD
2/13/20,366.0350037,379.498291,349.769928,359.0411377,3334653510,USD
2/14/20,359.2623291,363.0606995,349.5075073,360.3900146,2708978354,USD
2/15/20,360.5624695,361.6252136,304.586731,310.0778198,2841930815,USD
2/16/20,310.4044189,321.4404297,266.8467102,285.8675232,3044207063,USD
2/17/20,285.4216309,315.4084167,257.0706177,309.4416199,3724652669,USD
2/18/20,309.5077515,322.960968,290.2191467,309.1070557,3499501110,USD
2/19/20,309.2344666,314.451355,288.7273865,288.7273865,2781178232,USD
2/20/20,287.2167664,305.2005615,280.1481323,285.4997253,2927371823,USD
2/21/20,285.5087891,293.9132385,283.296051,289.4433899,2282759105,USD
2/22/20,289.4447327,290.2752075,276.6158752,280.4067993,2094451769,USD
2/23/20,280.5297852,294.5535278,280.0682983,294.3893738,2241456507,USD
2/24/20,294.4768982,298.4317932,270.2789001,277.3788147,2390831344,USD
2/25/20,277.4909973,278.3526611,256.5889587,259.7648621,2300066161,USD
2/26/20,259.5776367,259.6699524,215.1181335,225.0285492,3532653944,USD
2/27/20,225.010849,233.8022461,217.0490112,226.5533905,2584680224,USD
2/28/20,226.7797699,230.7732697,210.5327301,215.9731445,2325970138,USD
2/29/20,215.8258362,220.7040863,209.6308441,212.2919922,1925700287,USD
3/1/20,212.3227081,228.7323456,212.1737061,228.5179138,2461691016,USD
3/2/20,228.5228882,258.1128845,227.1610413,251.4146881,2887136059,USD
3/3/20,251.6865082,253.9811859,242.1954346,246.4846649,2741753419,USD
3/4/20,246.4846649,247.883316,224.8568115,231.2154236,2142182865,USD
3/5/20,231.3993988,247.8124084,231.3993988,240.6180267,2431717715,USD
3/6/20,240.8335266,248.5546265,238.2225037,245.0747528,2260275207,USD
3/7/20,245.3188477,245.6841125,229.1902008,234.2283173,1910397713,USD
3/8/20,234.2283173,234.2283173,196.3272858,197.9492645,2252966254,USD
3/9/20,197.889801,201.358902,189.0722656,199.1755524,2510235141,USD
3/10/20,199.2036285,202.2822571,194.5046082,198.830719,1893086091,USD
3/11/20,198.809433,200.5629883,177.2285156,190.5147095,1783158747,USD
3/12/20,190.2435455,191.2668915,107.1036377,108.7858276,2540501992,USD
3/13/20,108.717247,125.8624496,88.07146454,120.8989563,3495044246,USD
3/14/20,121.0816803,125.1482849,115.0200195,116.3063431,1739920784,USD
3/15/20,116.0969772,128.5764771,115.0040359,122.9458923,1596193505,USD
3/16/20,122.8783722,124.4654541,102.0954742,109.5854187,2143129008,USD
3/17/20,109.7402344,121.7771835,109.7122345,117.005394,1846959345,USD
3/18/20,116.5786362,119.3464203,112.2224579,119.3464203,1592444482,USD
3/19/20,119.5898438,166.3877106,118.0984344,156.3201599,3116861239,USD
3/20/20,156.441452,175.5068054,149.5070496,160.3318481,3784711874,USD
3/21/20,160.5859375,171.5386047,157.0805969,167.6957397,3036999420,USD
3/22/20,167.8018799,182.0267792,156.6147614,157.7841034,3365019330,USD
3/23/20,157.7841034,169.425293,155.6199799,168.5083923,3149579336,USD
3/24/20,168.6452484,180.6903381,168.6398315,177.955246,2977423446,USD
3/25/20,178.2603302,178.2603302,169.5289459,172.9514618,2618004667,USD
3/26/20,172.9514618,174.8734894,167.2359314,172.529541,1996685072,USD
3/27/20,172.7297363,176.5881805,166.7953186,166.7953186,1904035736,USD
3/28/20,166.7077332,166.7077332,151.3918457,157.0191193,2095536391,USD
3/29/20,157.2249603,157.9924469,148.3920898,148.3920898,1543375850,USD
3/30/20,147.6717834,170.8555145,146.95047,166.4355316,2283127949,USD
3/31/20,166.1513824,169.2254333,163.8847351,165.4046021,2000505849,USD
4/1/20,165.4046021,168.0016937,159.2752533,168.0016937,2007741934,USD
4/2/20,168.043869,184.6670837,166.3667908,175.1549988,2650862690,USD
4/3/20,175.4034729,183.3143311,173.0881195,178.6085358,2464900634,USD
4/4/20,178.7207489,179.4510345,174.9463196,179.2720947,1812315893,USD
4/5/20,179.2337189,179.613205,171.673645,174.8638916,1703432611,USD
4/6/20,174.8143463,192.7469025,174.5856781,190.9978485,2826496191,USD
4/7/20,190.7514496,194.5885162,184.3646851,184.8280029,2619485002,USD
4/8/20,184.9521637,220.6713409,184.5521851,217.0862274,4032521456,USD
4/9/20,217.3045959,224.9216461,210.8270721,214.7508087,3289157637,USD
4/10/20,214.4760132,214.6452332,182.000946,186.516037,3313739192,USD
4/11/20,186.516037,189.763092,181.138031,186.0516663,2058158008,USD
4/12/20,186.1366577,199.9821777,183.4742889,192.9704285,2627340894,USD
4/13/20,192.9614258,192.9614258,183.805954,188.002655,2913393576,USD
4/14/20,188.049118,193.3347473,186.9862213,188.5596924,2038128781,USD
4/15/20,188.806427,191.3977661,182.1417084,182.1569977,1702846496,USD
4/16/20,181.8773956,196.8838501,174.9185944,194.6972656,2708612989,USD
4/17/20,194.774826,196.8811798,192.9159698,194.3192291,1882576213,USD
4/18/20,194.4255676,207.6184845,194.1264191,203.5212402,1968129250,USD
4/19/20,203.4915619,206.6005859,195.7477112,195.7714844,2209872071,USD
4/20/20,195.625412,199.1248932,184.0813904,185.1521912,2092656480,USD
4/21/20,184.9117126,187.3530731,180.5256195,184.0163269,2037607362,USD
4/22/20,183.9962006,194.544693,182.7266846,192.2945404,1914479024,USD
4/23/20,192.3762207,197.6915436,188.6274567,193.8011322,2202065564,USD
4/24/20,193.9692993,197.3712006,193.5709076,194.6625366,1861647465,USD
4/25/20,194.7056122,198.9781952,192.607666,195.0278931,2012652584,USD
4/26/20,195.0476837,198.8195343,194.7232513,195.746582,1884017120,USD
4/27/20,195.8610382,197.4573212,190.9298859,194.0160675,1995756051,USD
4/28/20,194.1386414,196.6969757,191.3695374,195.5884094,1826791904,USD
4/29/20,195.6727753,210.1376648,194.6960602,208.3136749,2573912361,USD
4/30/20,208.2487183,226.7825165,206.2398834,208.3015442,3468080646,USD
5/1/20,208.3015442,216.5349884,208.0306549,213.3973389,2237282636,USD
5/2/20,213.3649597,215.434082,210.1459656,213.4441376,1995753725,USD
5/3/20,213.4020386,218.085083,206.4021759,208.6157379,2295262059,USD
5/4/20,208.5405884,209.8447113,197.303772,205.4835663,2421080578,USD
5/5/20,205.6196747,212.5158386,204.1627502,207.2216949,2290882102,USD
5/6/20,207.0365906,211.1270447,204.7730103,204.9256134,2228243539,USD
5/7/20,204.9256134,211.5690918,202.0650024,209.9542847,2359927019,USD
5/8/20,209.9542847,215.0208588,207.8944092,210.5623322,2442133916,USD
5/9/20,210.4675903,216.9894714,208.9997864,211.0302734,2571411486,USD
5/10/20,211.1012115,211.1658936,178.9636078,185.8956604,2589962087,USD
5/11/20,185.9377289,188.4732208,174.8803253,188.141449,2495720772,USD
5/12/20,188.2331238,193.1651001,184.6625061,186.5256805,1992227197,USD
5/13/20,186.5957642,192.2288666,185.2434082,190.3309937,1699205196,USD
5/14/20,190.0864563,194.6426086,188.9602814,193.1481323,1942907274,USD
5/15/20,193.1479492,193.7092285,186.0820465,187.6752625,1801930340,USD
5/16/20,187.5485992,190.6448822,186.2801819,188.5439606,1506851155,USD
5/17/20,188.5155487,194.0945587,188.2960968,191.7267151,1429176120,USD
5/18/20,191.7663727,206.7064056,191.6645966,203.4309692,2052354763,USD
5/19/20,203.865387,204.3088379,197.7267914,200.7756805,1744879416,USD
5/20/20,200.6829376,203.2161407,194.9132843,197.0551605,1595072264,USD
5/21/20,197.0335388,203.4052124,188.9240417,193.4507141,1798266241,USD
5/22/20,193.3137207,196.6561279,191.6505737,194.9689636,1324261581,USD
5/23/20,195.0005493,196.9250183,192.1710815,193.9564972,1072106099,USD
5/24/20,193.9066925,195.0860291,184.9257507,184.9357147,1213807485,USD
5/25/20,184.7511139,186.0110016,181.8915405,184.1260834,1118755233,USD
5/26/20,185.3426208,185.5651093,179.1270142,180.85849,1195119871,USD
5/27/20,180.85849,188.8737335,180.5393372,188.8737335,1539575067,USD
5/28/20,188.9251556,192.8539276,186.1374359,192.4654541,1456179939,USD
5/29/20,192.5509796,194.1390228,188.698349,190.4772339,1548696159,USD
5/30/20,190.4453735,202.0554199,188.0552826,201.839325,2107345837,USD
5/31/20,201.8330994,201.8489685,192.2732697,193.1362152,1643498359,USD
6/1/20,193.1296082,203.1520233,192.7438049,202.7431946,1704571261,USD
6/2/20,202.6576385,207.6594391,193.7585907,195.6710663,2070978112,USD
6/3/20,195.7144012,196.1913757,193.5715942,195.9363708,1453121618,USD
6/4/20,195.938736,198.9364777,194.1682281,197.6174469,1439365836,USD
6/5/20,197.602356,199.1807251,195.6465912,196.7970428,1351691438,USD
6/6/20,196.7970428,196.7970428,193.4805298,194.3320618,1192456208,USD
6/7/20,194.3320618,195.2422485,188.610733,194.0688934,1370911213,USD
6/8/20,194.0335083,194.2002869,189.9596252,191.9321136,1155709978,USD
6/9/20,191.9490051,192.805191,189.521698,191.1279449,1190330474,USD
6/10/20,191.1316986,196.1302185,190.6763611,194.1554565,1397632297,USD
6/11/20,194.1867676,194.820816,180.7592926,181.6456909,1415523960,USD
6/12/20,181.5794525,185.0368805,180.5525665,183.0933533,1170656232,USD
6/13/20,183.1508789,183.3468628,181.481781,182.8895264,884987750,USD
6/14/20,182.8973541,184.2130432,179.3087463,180.0165405,897770498,USD
6/15/20,180.0165405,180.1427765,168.8735504,175.6608887,1175534897,USD
6/16/20,175.6501007,177.6431885,174.0672302,176.1617584,1039083053,USD
6/17/20,176.1534424,177.9884644,173.6261597,177.8353271,900627312,USD
6/18/20,177.84758,177.8897095,173.8656158,175.2655029,884757053,USD
6/19/20,175.3226013,175.4093781,171.7867889,173.0085449,1094218560,USD
6/20/20,172.2649384,175.5072021,170.3800201,173.3498077,1122555280,USD
6/21/20,172.8345642,175.7463074,172.3673096,172.4931183,904961186,USD
6/22/20,172.45784,177.9963379,172.4262085,175.7101898,1233458039,USD
6/23/20,176.9217682,181.3611755,174.8430328,180.5415344,962634733,USD
6/24/20,180.7265015,182.298233,171.7845306,172.923172,987310377,USD
6/25/20,172.8362427,173.2484283,169.4843292,172.3644104,938923928,USD
6/26/20,172.3286133,173.0041199,168.3318481,169.246048,1019173317,USD
6/27/20,169.2783203,170.3695221,155.0158691,162.1251526,1124096210,USD
6/28/20,162.1251526,162.3105469,154.3537445,159.3730927,1069996720,USD
6/29/20,159.4202881,161.2744751,156.3744812,160.10495,1025204103,USD
6/30/20,159.1283875,160.5755615,157.035965,158.1504517,939565958,USD
7/1/20,158.5061035,159.2425995,154.3806915,157.0987549,989072226,USD
7/2/20,157.0638428,158.0999298,153.6054993,155.8943329,876911589,USD
7/3/20,155.913208,156.9255219,154.1176147,155.2351685,878500995,USD
7/4/20,155.2114716,157.1562347,153.3540344,155.1634674,896022460,USD
7/5/20,155.5358734,156.3411713,151.9358215,153.7530975,878715915,USD
7/6/20,153.7530975,193.978241,153.4893036,191.8586121,1939468353,USD
7/7/20,191.924881,193.9789734,181.9514465,184.3700562,1430074505,USD
7/8/20,184.4606934,190.697403,183.123703,188.9830017,1397988017,USD
7/9/20,188.9830017,190.0441589,183.4488983,185.6792908,1136387373,USD
7/10/20,185.4853821,185.4853821,178.9439087,182.6650848,1188008038,USD
7/11/20,182.67659,183.5662994,181.1767883,182.8393097,879154454,USD
7/12/20,182.8438416,187.0222778,182.8438416,185.911911,1021383727,USD
7/13/20,185.911911,186.2996674,180.7036133,182.1134033,1108494832,USD
7/14/20,182.1134033,182.1634979,179.0263519,181.6050262,1032117613,USD
7/15/20,181.0773926,183.6146088,178.8080902,179.6746216,1097492089,USD
7/16/20,179.7787476,180.3852539,171.9833984,173.0960846,1074372007,USD
7/17/20,173.1398163,173.9674225,170.7777405,172.0478973,1049429000,USD
7/18/20,171.985733,174.3547821,171.4108276,172.7783661,1011992052,USD
7/19/20,172.7503357,173.4355164,168.51828,171.9950562,1090383716,USD
7/20/20,172.1784973,172.9029694,168.5381622,169.3598938,1055569739,USD
7/21/20,169.3442535,179.1899109,169.0700836,177.3800201,1241046357,USD
7/22/20,177.396286,181.7845917,175.2858887,181.7081604,1221707999,USD
7/23/20,180.5139008,186.3875275,180.2689514,184.2590942,1376147916,USD
7/24/20,184.202774,184.3725586,179.6382446,181.6177368,1267538795,USD
7/25/20,180.8120728,190.2700806,180.6600952,190.2700806,1380403936,USD
7/26/20,190.6626129,194.7108154,186.9810181,190.035675,1563434752,USD
7/27/20,190.0249176,211.9714203,189.8391113,207.326828,1933897783,USD
7/28/20,207.8995819,218.6703033,202.1135406,214.1475372,2072101867,USD
7/29/20,214.3561249,219.1097412,211.7253418,213.3995361,1685108193,USD
7/30/20,213.5217285,218.2259827,209.9289093,215.3556671,1658274601,USD
7/31/20,215.9699554,230.5309296,212.6087952,229.8368988,1925234096,USD
8/1/20,229.8368988,244.1530762,227.4234314,243.3483582,2316011889,USD
8/2/20,243.6712341,252.9751434,213.5570679,217.8161621,2677273031,USD
8/3/20,217.8362427,233.6489105,216.8149109,228.1217957,1809758255,USD
8/4/20,228.1151123,232.9283142,219.3460999,224.6687469,1718721505,USD
8/5/20,224.7383575,235.3256683,223.5466919,234.1678925,1476218661,USD
8/6/20,234.0984344,240.4734497,230.0618439,236.6023254,1556497463,USD
8/7/20,236.5608673,241.6012726,223.5595856,228.9796906,1650015705,USD
8/8/20,229.019165,233.9087524,227.4375,232.7456818,1272232086,USD
8/9/20,232.9802246,234.109314,220.6660461,224.0450592,1213167418,USD
8/10/20,224.1744232,229.7937317,224.0903015,225.9984741,1297276831,USD
8/11/20,226.0097961,227.3799438,204.8817749,210.7623138,1151143154,USD
8/12/20,210.846283,212.606369,200.3822021,209.2909546,893247632,USD
8/13/20,209.2906799,216.2218475,200.4238586,216.0602417,1036119190,USD
8/14/20,216.1589355,219.3710175,210.9911041,212.0264435,920591186,USD
8/15/20,212.1095276,226.0647278,212.1095276,224.0357819,987248212,USD
8/16/20,223.8932037,228.1741028,214.2681122,222.8317108,969331160,USD
8/17/20,222.8317108,228.4413452,218.2718811,224.2457886,963973296,USD
8/18/20,224.4947357,233.253067,217.2959747,217.2959747,989583762,USD
8/19/20,217.2700806,218.6451111,203.4865417,206.5181122,934541279,USD
8/20/20,206.4520721,209.7673798,205.2864075,208.9487762,652842403,USD
8/21/20,208.91362,211.1702423,197.4655151,197.4655151,816282428,USD
8/22/20,197.3533325,197.4048462,190.6678467,196.6582794,749933578,USD
8/23/20,196.7014313,196.8655396,192.0960388,194.8611145,602797545,USD
8/24/20,194.7912598,206.7166748,193.916687,203.8320313,775166913,USD
8/25/20,203.7830658,203.8136139,186.5130768,192.0808258,770117025,USD
8/26/20,192.1448059,193.8956146,188.1650543,191.4156342,621682357,USD
8/27/20,191.3303986,192.3856049,184.2450562,185.9521484,605773369,USD
8/28/20,185.9810638,193.1882019,184.5461731,191.7799377,611385861,USD
8/29/20,191.7653198,192.437561,189.0932007,190.4440002,924063636,USD
8/30/20,190.3115692,196.9251404,189.6050873,196.5013733,1102059133,USD
8/31/20,196.5825195,200.0428162,192.1357269,192.8454437,638195330,USD
9/1/20,192.7985535,207.1139679,189.8995667,203.6662445,896545578,USD
9/2/20,203.8475037,204.9197235,178.7327271,183.57164,929037178,USD
9/3/20,183.5035858,184.8634491,149.8152924,152.3483276,917281229,USD
9/4/20,152.2518005,165.4846802,152.1353302,160.562439,948815228,USD
9/5/20,160.5249176,170.4395142,151.2559662,162.099823,1393263732,USD
9/6/20,162.099823,167.3543854,159.4251251,163.5022125,1299598990,USD
9/7/20,163.4381104,175.9868317,161.0861969,174.1546021,1705638023,USD
9/8/20,174.1999969,178.8978119,166.3921204,170.5654755,1554219114,USD
9/9/20,170.6287384,173.0980988,166.7008514,169.5764313,1013549692,USD
9/10/20,169.5543976,172.9145508,164.983902,166.7016754,1122149508,USD
9/11/20,166.7016754,168.6781158,162.733139,167.5648804,899112318,USD
9/12/20,167.526825,169.696167,164.8880615,168.8156891,932513373,USD
9/13/20,168.8156891,170.5210266,160.5171661,162.7612305,1186761034,USD
9/14/20,162.7522278,166.2775116,160.5631561,164.3685913,1109264710,USD
9/15/20,164.3685913,169.5564117,162.9020844,165.8126678,1141413284,USD
9/16/20,165.8834686,166.585144,162.1437225,163.2520599,1130204185,USD
9/17/20,163.2155609,166.8494873,162.9899292,164.2479095,1104220503,USD
9/18/20,164.2479095,164.8360291,161.0740662,162.5260773,911892092,USD
9/19/20,162.46698,163.7754364,161.5877533,162.2928772,803067769,USD
9/20/20,162.26651,162.4751282,150.5938263,154.4737396,848684298,USD
9/21/20,154.4654388,155.2716827,144.044754,146.2483063,722057502,USD
9/22/20,146.2693787,158.9831085,143.5272217,155.7811737,572282377,USD
9/23/20,155.6726074,156.719223,148.5426788,150.3633423,557066764,USD
9/24/20,150.5019073,158.1455231,149.6819763,156.7155151,572000416,USD
9/25/20,156.851181,157.1747437,152.6456757,155.5016022,486478096,USD
9/26/20,155.6358948,167.4936523,154.4595032,164.7451324,605198125,USD
9/27/20,164.2381134,173.460495,161.0330963,170.5484009,765427324,USD
9/28/20,170.6661987,176.651825,168.3300018,168.4087677,790062119,USD
9/29/20,168.0350494,172.5148926,167.5444489,171.9532471,572407269,USD
9/30/20,171.7335815,179.8315582,170.4622192,171.8496704,740970916,USD
10/1/20,171.817688,177.7796783,164.8305206,169.5670319,721675805,USD
10/2/20,170.0531006,170.3121796,158.0202484,161.1170959,786553932,USD
10/3/20,161.1062775,162.3166046,159.5333099,160.3755798,508547937,USD
10/4/20,160.581955,163.4688568,159.0861359,162.8040161,464901941,USD
10/5/20,162.9815521,165.202774,161.451828,163.072998,548005472,USD
10/6/20,163.2106476,166.1328278,157.7729187,159.3661652,790424898,USD
10/7/20,159.3371887,167.0705109,157.3760376,163.4517822,563935352,USD
10/8/20,163.5743713,168.2953644,160.7153625,165.0937042,727848036,USD
10/9/20,165.3613586,171.0915985,163.544281,168.4246216,705709722,USD
10/10/20,168.3621216,174.5644836,168.3397369,171.118103,693050813,USD
10/11/20,170.905426,174.2542419,170.1838074,172.0307312,621020043,USD
10/12/20,171.9600983,172.64888,166.9102783,170.029129,667276346,USD
10/13/20,169.8323975,173.2034454,167.4318848,170.635788,625671642,USD
10/14/20,170.8448944,172.5371094,166.2829437,168.686615,839167706,USD
10/15/20,168.5437164,172.1634216,167.0547485,169.4484863,752059970,USD
10/16/20,169.5749359,170.2715912,157.5396271,160.6729889,847576982,USD
10/17/20,160.7557526,160.8690033,157.7110901,159.3944244,593885787,USD
10/18/20,159.4725342,160.6060944,158.7160034,160.3728485,444378907,USD
10/19/20,160.5171051,161.1163177,158.6989594,159.9801636,610553488,USD
10/20/20,159.9618835,160.5817108,155.7214508,157.5920868,1052715584,USD
10/21/20,157.9062042,167.4133606,157.7995911,164.8001251,940959601,USD
10/22/20,164.6715546,171.5428619,164.6101837,168.7792358,781622694,USD
10/23/20,168.8699341,170.0007629,162.9416046,166.2621918,1163918860,USD
10/24/20,166.2622223,175.4971771,166.2622223,175.4957123,1343642415,USD
10/25/20,175.4957123,184.5400848,170.3595734,180.9338837,1212885827,USD
10/26/20,180.9338837,184.5305176,169.3730927,173.8072205,1279905127,USD
10/27/20,173.8072052,178.0123444,172.1213837,174.8909302,999345472,USD
10/28/20,174.8910828,176.5815735,167.0954285,169.8619843,1111576050,USD
10/29/20,169.8622894,170.6527557,164.5089874,166.7854767,899916192,USD
10/30/20,166.786026,168.4651947,159.9854889,163.5138397,941971368,USD
10/31/20,163.5138397,167.6149292,161.7440491,164.8695374,929986117,USD
11/1/20,164.8695374,166.2387543,162.6615753,164.6368408,590083841,USD
11/2/20,164.6355286,166.6618652,157.2023926,158.671875,754759967,USD
11/3/20,158.6710663,158.6710663,146.683075,153.783493,826433367,USD
11/4/20,153.7825623,153.7825623,146.930481,152.160141,965812021,USD
11/5/20,152.1695099,162.4405975,152.0378876,159.7518768,741458841,USD
11/6/20,159.7499084,168.8404083,158.4445038,167.639801,724540086,USD
11/7/20,167.639801,172.6559143,158.7205048,162.2105103,734498980,USD
11/8/20,162.2105103,167.8262787,160.5470123,166.8770294,682235661,USD
11/9/20,166.8776245,167.0999451,157.0036774,160.1226501,684039443,USD
11/10/20,160.1265717,161.735611,155.3595734,157.1943817,623807612,USD
11/11/20,157.1941223,162.0335236,156.8948822,159.1252441,827156705,USD
11/12/20,159.1244659,160.956131,156.0260315,158.1655884,724782218,USD
11/13/20,158.165451,161.8287354,156.3948212,161.146225,753589540,USD
11/14/20,161.146225,161.462738,155.4875336,157.7352142,755680913,USD
11/15/20,157.7352142,158.2281036,152.9109497,154.4309235,427809861,USD
11/16/20,154.4309235,160.6302185,153.400528,158.0951385,1273868444,USD
11/17/20,159.845871,169.8878326,159.0723572,166.8501129,641073792,USD
11/18/20,166.8495789,170.7610321,159.0176392,162.152771,603602085,USD
11/19/20,162.1523743,166.1419067,158.0547333,161.5948639,466428689,USD
11/20/20,161.5915375,168.0790863,161.2862396,165.999115,474041829,USD
11/21/20,165.999115,196.3659058,165.999115,193.6735687,1241312266,USD
11/22/20,193.6735687,196.0410461,173.6674652,177.8670654,1097906401,USD
11/23/20,177.8671112,197.2738037,175.1743927,196.9010925,1272012000,USD
11/24/20,196.8697968,216.6496887,194.5168457,208.9147339,1977255200,USD
11/25/20,208.9064941,211.8520508,188.1051788,191.8394318,1423905156,USD
11/26/20,191.8024139,194.3483124,151.7561798,165.4684906,1483258713,USD
11/27/20,165.5333099,169.1086426,156.6055908,161.8022003,753053484,USD
11/28/20,161.8190765,171.473938,159.7102051,166.7303925,537586592,USD
11/29/20,166.7478485,170.1844482,163.8404236,168.1978607,475164140,USD
11/30/20,168.1891632,184.1753845,168.1891632,182.5581665,756538626,USD
12/1/20,182.5871582,184.1801147,168.7273102,169.3662567,772317898,USD
12/2/20,169.3780212,172.3475952,165.8831177,171.0374603,516900110,USD
12/3/20,171.0824585,173.9979248,168.0579224,170.828949,435721247,USD
12/4/20,170.8379669,195.8948822,168.5824127,177.5480804,1304860803,USD
12/5/20,177.5796509,184.6573639,173.8294983,181.9665985,792710254,USD
12/6/20,181.9756317,183.0022736,174.2760468,178.5522919,490738173,USD
12/7/20,178.5470734,187.3437347,176.1228485,179.6957397,646595813,USD
12/8/20,179.7055969,181.2996674,170.2090149,173.3684082,569515279,USD
12/9/20,173.3485718,173.4673462,161.7398834,170.3222809,532350698,USD
12/10/20,170.335434,170.9572144,164.3911133,166.4097443,397472839,USD
12/11/20,166.4374237,166.6873474,159.6544495,161.6541595,396994620,USD
12/12/20,161.6206665,166.3980103,161.2867126,165.0947571,328095197,USD
12/13/20,165.1161499,171.7023315,164.7020111,168.5953522,355436393,USD
12/14/20,168.6293945,169.2311859,164.4515076,166.6370087,315377355,USD
12/15/20,166.662735,172.5375519,164.6314087,169.1819916,463001628,USD
12/16/20,169.1532898,180.1975403,167.0614929,179.6242828,549757824,USD
12/17/20,179.6222687,190.3611145,177.2606812,179.0669098,819753174,USD
12/18/20,179.0793304,182.9771576,173.5924683,178.4369965,537203604,USD
12/19/20,178.4606476,180.0989075,175.5036926,176.9165955,448869344,USD
12/20/20,176.89711,193.263092,173.6837158,182.7912598,820875475,USD
12/21/20,182.9000397,192.4202576,171.065094,171.6512909,931916881,USD
12/22/20,171.624649,173.3777161,164.9584961,171.5317841,551081238,USD
12/23/20,171.4830627,172.3336182,151.1462402,153.5986481,688312126,USD
12/24/20,153.7480011,162.3382416,151.9021149,162.1759949,544850335,USD
12/25/20,162.1472321,168.3615265,159.9307556,165.3999176,533110873,USD
12/26/20,165.4533844,167.127655,161.6867828,164.1349792,520607685,USD
12/27/20,164.1993866,175.0745544,159.6490631,167.302536,738847387,USD
12/28/20,167.3838501,173.574646,166.7528534,168.4898529,505824697,USD
12/29/20,168.4820557,168.9762268,155.6955414,164.3967133,547058462,USD
12/30/20,164.456604,168.9076691,161.7995911,166.9030914,519932132,USD
12/31/20,166.8892059,166.903717,159.5457611,163.6320343,360792705,USD
1/1/21,163.6052399,165.4553528,162.2827454,163.1158142,309676885,USD
1/2/21,163.1241608,167.039566,160.3823853,163.089386,439843249,USD
1/3/21,163.1230011,174.1218567,162.8692932,171.3906708,724762386,USD
1/4/21,171.3795319,185.42276,162.5585175,167.5882263,936306772,USD
1/5/21,167.6249084,171.1271973,162.6672058,168.6279755,722843843,USD
1/6/21,168.6391602,185.0501404,167.4325562,179.8541565,1085901650,USD
1/7/21,179.7996826,188.7449036,171.9191284,176.2432861,1238845355,USD
1/8/21,176.2128754,184.2875214,166.3534088,180.4629669,1005129116,USD
1/9/21,180.4402008,324.5422058,175.4932098,284.5098267,4666032961,USD
1/10/21,284.7754517,299.4214478,233.4714661,253.7050323,4205155207,USD
1/11/21,253.7041016,253.7041016,163.8511505,191.3695679,3293931192,USD
1/12/21,191.1053467,204.1967621,181.3011627,188.7396088,1681782601,USD
1/13/21,188.7411346,220.0313568,188.7411346,212.4384918,2004783613,USD
1/14/21,212.493988,233.3494263,204.0973663,220.6280823,1780709461,USD
1/15/21,220.6599884,221.6263428,191.589447,208.8546753,1442962215,USD
1/16/21,208.7481079,213.9470062,201.7370758,207.1144714,1081992348,USD
1/17/21,207.0711823,207.3539124,195.0392151,199.0988007,890529795,USD
1/18/21,199.1003265,208.6607056,197.2252655,206.4282684,975120622,USD
1/19/21,206.4347687,214.5694122,204.6208344,204.7174377,981563192,USD
1/20/21,204.6225891,206.0435181,187.3062134,200.8761902,1284655437,USD
1/21/21,200.838562,200.838562,175.9402161,178.3593597,1407712853,USD
1/22/21,178.3079681,181.9232788,170.3189087,178.3889771,1205668212,USD
1/23/21,178.322052,178.322052,171.2618713,174.7152557,1018021500,USD
1/24/21,174.6503754,176.9603271,171.9231567,174.9513245,706107056,USD
1/25/21,174.8857574,184.3279114,173.727356,181.7709351,1009438243,USD
1/26/21,181.7150421,181.7150421,172.2982483,174.155014,868250783,USD
1/27/21,174.1382294,174.1382294,158.522171,162.0761719,939154712,USD
1/28/21,162.1209564,173.3101959,161.466507,170.49823,802541335,USD
1/29/21,172.8083496,184.5875092,166.4063721,173.0165405,1393447565,USD
1/30/21,172.986084,192.7206726,168.0514526,178.8504639,1416389197,USD
1/31/21,178.7838593,180.9786835,171.5521851,173.8604584,716768480,USD
2/1/21,173.8564758,185.6630402,172.7627106,178.7179871,928293221,USD
2/2/21,178.7314911,181.8387756,177.2588959,180.6801453,717691784,USD
2/3/21,180.6843872,186.7726135,180.173111,182.9874878,725312651,USD
2/4/21,182.9509125,187.276535,175.7548218,176.5700531,753843850,USD
2/5/21,176.5648499,187.8117371,176.3242188,187.2492981,766139512,USD
2/6/21,187.2440491,195.5701599,181.8874664,184.2870941,1041658708,USD
2/7/21,184.275528,188.8528748,178.4712219,183.0600739,937245395,USD
2/8/21,183.0128021,194.2008362,181.5340576,194.0106506,999068562,USD
2/9/21,194.0424652,234.8547363,193.7607574,225.9514465,2582374688,USD
2/10/21,225.7209015,234.5499725,200.9132538,212.1047974,2040038624,USD
2/11/21,211.9195251,228.2640228,207.9897308,224.9983826,1416914982,USD
2/12/21,224.9003296,236.2458954,215.3393707,235.6829376,1328959608,USD
2/13/21,235.5038605,266.8276367,222.7828979,263.8977966,2372839287,USD
2/14/21,264.0528259,282.1379089,245.4319458,262.3990173,2666456603,USD
2/15/21,262.2502441,273.4252014,214.4499817,238.6379852,2914637886,USD
2/16/21,238.6287079,256.3243103,228.3712921,236.8460846,1997219511,USD
2/17/21,236.8310547,251.8186493,228.059906,244.3745728,1327157466,USD
2/18/21,244.3630981,254.3544159,237.964798,240.535965,1003737862,USD
2/19/21,240.5812225,252.673996,231.9899139,243.5151672,1074792614,USD
2/20/21,243.4969788,253.6064758,218.3417511,228.5558929,1583584357,USD
2/21/21,228.4573364,249.4722443,225.3086395,242.5944824,1241260721,USD
2/22/21,242.5858307,245.5464478,183.3465424,216.3104248,2239189382,USD
2/23/21,216.2574158,216.2701569,169.496109,188.5276184,1881160892,USD
2/24/21,188.5619812,208.3747711,183.3564453,194.9781036,1315812291,USD
2/25/21,194.9380341,201.1127625,183.2663269,183.2663269,984668472,USD
2/26/21,183.7281036,187.3782806,171.9757538,180.4144287,1043923841,USD
2/27/21,180.5163574,194.6396027,180.3019714,184.6903687,803337939,USD
2/28/21,184.6834106,185.2352753,171.6544952,177.4486847,816018176,USD
3/1/21,177.4811401,188.9604492,176.156601,185.8673248,697127288,USD
3/2/21,185.7640991,191.3035431,180.8050842,185.4491577,681388563,USD
3/3/21,185.484024,193.8983002,184.15979,189.1630402,687723015,USD
3/4/21,189.1096191,191.5282593,180.0618439,181.8293915,680156618,USD
3/5/21,181.8312988,181.9199677,176.2896271,181.0757141,584109721,USD
3/6/21,181.0493164,182.559021,176.2910309,181.1564484,556606231,USD
3/7/21,181.2636566,185.8050232,181.2636566,185.4199066,464121277,USD
3/8/21,185.4082489,187.6658173,179.5979309,185.8994446,567258416,USD
3/9/21,185.9027252,189.9885101,184.5695343,189.9885101,550103408,USD
3/10/21,190.0009155,194.3501282,184.7685852,188.3600311,658965502,USD
3/11/21,188.2522278,190.2338715,184.4888,187.1142273,549753556,USD
3/12/21,187.1463928,189.8277435,178.9059601,185.7099304,626294112,USD
3/13/21,185.7186737,233.7387543,185.7186737,218.3470459,1822980823,USD
3/14/21,218.3267517,224.6052551,198.7468872,200.4866486,1232085584,USD
3/15/21,200.1390686,201.83461,186.6103821,191.5210419,1149438260,USD
3/16/21,191.5158691,198.3670807,186.4577484,194.7800598,882739478,USD
3/17/21,194.809082,196.4150543,189.5082397,195.2086029,654194544,USD
3/18/21,195.2259216,207.154068,194.4661255,204.2323761,918333651,USD
3/19/21,204.11203,228.9021912,198.5214844,213.6368866,1673281043,USD
3/20/21,213.5337372,220.1999817,205.4857025,205.5637054,1059015288,USD
3/21/21,205.5611725,208.5778656,198.7440186,202.2408905,703968706,USD
3/22/21,202.188797,222.5567474,197.7188263,204.5809937,1252024679,USD
3/23/21,204.5388794,226.0637817,203.8161774,215.241745,1479847056,USD
3/24/21,215.1281586,221.4862976,188.6136627,194.7328796,1033186159,USD
3/25/21,194.7040558,197.0128174,187.9666138,193.8417664,948879637,USD
3/26/21,193.8004303,204.1439667,192.675827,203.2727203,715192536,USD
3/27/21,203.3000488,204.6110077,196.1768036,200.3723907,538137963,USD
3/28/21,200.3897858,202.6382141,197.3727722,199.3722839,536704191,USD
3/29/21,199.3789673,210.9607849,197.8712311,207.7908783,691044251,USD
3/30/21,207.7646179,210.5952759,205.4322205,209.0461426,559617852,USD
3/31/21,209.0975342,219.1065369,201.634491,217.0887604,1395169129,USD
4/1/21,217.09375,237.2568359,214.7004242,229.6256409,1534951326,USD
4/2/21,229.5823517,267.5315857,226.95784,247.1775818,2221351513,USD
4/3/21,247.1984406,255.0908356,218.0619812,220.2610168,1801399521,USD
4/4/21,220.2361603,232.7602081,219.0220184,230.2778473,1109180244,USD
4/5/21,230.3608704,250.5200653,230.2387238,248.0809174,1667140483,USD
4/6/21,248.2758026,280.9872742,243.8490143,264.5970459,2838159161,USD
4/7/21,264.5335083,274.0850525,231.3536987,239.587265,2256206677,USD
4/8/21,239.7036743,251.0360413,236.1928101,249.2703857,1285117539,USD
4/9/21,249.3412018,270.6869812,244.477417,259.1430664,1294507756,USD
4/10/21,259.1452942,280.5283508,255.1949768,272.7145081,1519216554,USD
4/11/21,272.659729,289.4038391,267.4059753,276.9602356,1341804114,USD
4/12/21,276.8751221,277.8955383,252.828949,261.0388489,1078055481,USD
4/13/21,260.9787903,300.1832275,260.0006409,297.7601929,1764291257,USD
4/14/21,297.9049377,346.1983643,285.9378357,328.5248108,3266575741,USD
4/15/21,328.2047424,377.8268738,318.8717957,364.6114807,2672082901,USD
4/16/21,364.3203125,491.635376,329.0827637,441.3943481,4652392545,USD
4/17/21,441.3268127,446.4685059,374.020874,378.986084,3699043577,USD
4/18/21,378.8997192,383.9807434,288.1339111,332.8471069,4042419742,USD
4/19/21,333.540802,339.6027222,287.0300598,294.8777466,2239242781,USD
4/20/21,295.0021667,312.3816833,273.9130859,303.0984192,2159920601,USD
4/21/21,303.2723999,319.572876,290.9144897,296.6661072,1708015845,USD
4/22/21,296.5484619,310.1672363,279.6434021,282.5078735,1738884254,USD
4/23/21,282.6307983,291.092865,206.7423553,250.6531982,2619288056,USD
4/24/21,250.9300232,251.4628296,229.1076508,235.5678101,1198233994,USD
4/25/21,235.6061249,255.8975372,231.6443787,238.627655,962528566,USD
4/26/21,238.8840179,266.2564392,237.7321167,264.7661438,1249352406,USD
4/27/21,264.894165,289.5139771,261.026123,288.3218079,1311120444,USD
4/28/21,288.5920105,295.7136841,272.1383362,289.5839233,1493736674,USD
4/29/21,289.7891541,292.2785339,273.8705444,282.1896362,1053935374,USD
4/30/21,282.2236938,327.5843811,277.9656067,323.6707458,1314798048,USD
5/1/21,323.6416626,339.4133606,310.7812195,332.675293,1330378391,USD
5/2/21,332.6011353,344.9331055,314.6855164,332.2598877,1282941459,USD
5/3/21,332.1709595,375.6261902,331.7535095,369.9068604,1929981523,USD
5/4/21,369.7668152,373.9348755,316.945282,327.2222595,2537962490,USD
5/5/21,326.6601868,445.7947388,323.8677368,423.4077148,3481788239,USD
5/6/21,423.4649353,457.2388,387.7619934,418.8973083,3330405069,USD
5/7/21,419.4800415,430.7684021,365.1902466,379.8088379,2476654956,USD
5/8/21,379.4138184,396.9823914,339.3218689,366.0493164,2028607092,USD
5/9/21,366.5928955,377.7468262,333.456604,359.3440857,1816517530,USD
5/10/21,359.3899536,410.8309021,308.8288574,340.6425476,3372569759,USD
5/11/21,341.4029541,394.3372803,332.1333923,392.3598633,2720343048,USD
5/12/21,392.4949036,405.2767944,299.5545654,299.5545654,2385424877,USD
5/13/21,303.2878418,336.1821594,290.5990601,315.5066528,2948817565,USD
5/14/21,316.1307983,351.2213135,311.9360352,336.4975586,1580381444,USD
5/15/21,336.4400635,340.7038574,307.8838501,311.9907837,1441154678,USD
5/16/21,311.554657,330.7542419,290.7161255,315.0993958,1559362175,USD
5/17/21,315.2472534,316.698761,259.3236084,286.1441956,2068329327,USD
5/18/21,286.1155396,302.2765503,278.1402588,287.15448,1425867301,USD
5/19/21,287.4075623,290.2876587,141.5132751,176.6281586,3125275289,USD
5/20/21,176.2719421,201.9732056,161.7647552,200.0580292,2484003727,USD
5/21/21,200.4456177,207.4814758,155.2024536,174.6168213,2260834089,USD
5/22/21,174.7088165,176.5606384,158.7721863,169.1510925,1634335343,USD
5/23/21,169.3211823,173.8707275,129.3406067,150.8253632,2054958546,USD
5/24/21,150.6608582,180.4190369,146.3519592,178.1375885,1834379191,USD
5/25/21,178.5839386,185.576828,161.7105408,174.7871857,1655467610,USD
5/26/21,174.7229004,186.7378998,171.6086426,182.1764984,1346212851,USD
5/27/21,182.1595154,189.6628876,170.8156891,183.1481628,1147929602,USD
5/28/21,183.4499512,185.2449036,161.5959015,168.2102814,1232465830,USD
5/29/21,168.2465973,179.1021271,159.8510742,164.292511,1152510285,USD
5/30/21,164.3162994,169.7602234,155.4138794,166.5590363,867654745,USD
5/31/21,166.6329193,175.280426,161.4919891,174.9384308,871083901,USD
6/1/21,174.9169617,176.6089325,166.7056122,175.7692719,891701486,USD
6/2/21,175.8302155,187.8101349,171.7362823,182.5816345,922883904,USD
6/3/21,182.5779266,191.480484,178.5805817,188.8372955,913457806,USD
6/4/21,188.9057922,189.4541931,169.3884277,173.9971771,1002767126,USD
6/5/21,173.9575653,178.0644073,167.6537323,177.9733582,979002490,USD
6/6/21,178.0404053,180.7989197,174.1536255,178.7094574,866540128,USD
6/7/21,178.7484283,179.9469452,166.0153198,166.2698975,818323800,USD
6/8/21,166.2296295,168.3931122,152.1134338,162.6404266,1121915238,USD
6/9/21,162.6580505,173.5027618,158.072937,173.0297089,1042768090,USD
6/10/21,173.0415802,174.8792419,164.3047485,165.2566833,813118608,USD
6/11/21,165.1508484,173.2392273,162.3442993,164.1895294,861722399,USD
6/12/21,164.2705688,164.5416107,156.7178955,162.0935669,681685107,USD
6/13/21,162.149353,172.6232605,159.7227478,171.0860901,702345521,USD
6/14/21,171.085907,175.3307037,168.7324066,173.3247833,691110442,USD
6/15/21,173.6487732,175.0653839,168.6021423,173.4458618,673880550,USD
6/16/21,169.9166107,169.9166107,161.4028473,164.1366272,714448744,USD
6/17/21,164.1357727,167.5777283,161.072876,163.3863678,593323777,USD
6/18/21,163.3411865,164.4537811,152.9569702,157.3546906,689554878,USD
6/19/21,157.5135193,159.3275909,155.1595612,155.6405182,595748829,USD
6/20/21,155.5724792,155.6356049,145.6166534,153.2408905,639719475,USD
6/21/21,153.2347565,153.719986,122.8408356,124.6355362,986264401,USD
6/22/21,124.6308365,126.8282089,107.6276016,119.078949,982845887,USD
6/23/21,119.0868912,130.2263336,115.3851395,128.9900818,657671850,USD
6/24/21,128.4313965,134.1633453,123.7131577,131.7730103,576441036,USD
6/25/21,131.8574982,134.4887848,121.2333145,122.8891602,605166309,USD
6/26/21,122.7348633,125.1180115,117.6518402,124.722496,569724045,USD
6/27/21,124.9592514,131.3691559,124.9592514,130.9338989,574535255,USD
6/28/21,130.8975983,170.1666107,130.2572479,153.3381653,1170274665,USD
6/29/21,153.3817291,165.9760132,151.7803497,152.3848724,976694083,USD
6/30/21,152.4367065,154.4123535,138.1444244,146.9085236,736498877,USD
7/1/21,146.9488678,149.3444366,138.369339,146.2381287,692441290,USD
7/2/21,146.1715393,146.8125763,138.983078,145.1374207,450490796,USD
7/3/21,145.1226196,148.6962585,142.0196991,146.4172974,461086588,USD
7/4/21,146.4247589,153.990097,143.9643097,149.3193512,566485090,USD
7/5/21,149.3365021,149.3365021,140.3377533,141.6135254,540566699,USD
7/6/21,141.4987335,148.3069763,135.619812,140.8005066,585601210,USD
7/7/21,140.8709717,147.0764771,139.9633789,140.3925629,536428345,USD
7/8/21,140.3529205,145.2618561,135.2841187,140.2183838,674032836,USD
7/9/21,140.3486786,141.0947876,134.9566498,139.3431854,508772428,USD
7/10/21,139.2206726,141.1870575,135.9878235,138.9683075,432500043,USD
7/11/21,138.9684448,140.4953461,135.3635559,138.2875671,444636929,USD
7/12/21,138.3264923,143.1376953,137.0606079,138.3806763,524976439,USD
7/13/21,138.2783813,139.60849,136.1338806,137.0959473,362560699,USD
7/14/21,137.2154541,138.5725403,127.5457993,133.1433868,301477086,USD
7/15/21,133.1149902,134.2906799,125.8279724,127.9480133,270443032,USD
7/16/21,128.0352478,130.1179657,123.4934692,123.4934692,240524259,USD
7/17/21,123.4795303,125.4183807,121.3229294,123.3614578,239393430,USD
7/18/21,123.3685074,125.8420029,122.3862915,123.4718781,229370734,USD
7/19/21,123.4683609,123.6760864,116.7803879,118.6777573,221149530,USD
7/20/21,118.6697006,119.9102173,111.8148422,114.1850815,266804573,USD
7/21/21,114.1619339,124.1960907,112.8557892,122.2144623,302918401,USD
7/22/21,122.2515488,124.5571594,118.5646744,124.3606491,247958789,USD
7/23/21,124.3543167,126.3407898,122.3797455,126.1451797,243430428,USD
7/24/21,126.1351395,129.723053,125.5839157,127.7837143,239874126,USD
7/25/21,127.7707901,128.8608398,125.2910004,128.2324371,232725138,USD
7/26/21,128.2471771,138.3097534,127.8374252,130.6389465,490116353,USD
7/27/21,130.541275,133.5058441,128.0074921,133.5058441,332429573,USD
7/28/21,133.5819397,136.1879883,131.9819794,134.2086945,318506399,USD
7/29/21,134.236908,139.8206482,133.6307831,138.7794952,304774419,USD
7/30/21,138.7973633,141.8133545,134.3479462,141.6167908,345621288,USD
7/31/21,141.724411,143.0596924,138.921402,141.7531281,278380093,USD
8/1/21,141.6209869,148.9594116,140.6085968,142.4174042,329232594,USD
8/2/21,142.3552094,149.8686066,139.8914337,145.9774933,368392416,USD
8/3/21,145.9737701,148.3683472,138.5284424,138.5284424,308225247,USD
8/4/21,138.546936,142.1697083,134.5941162,139.6653137,311916872,USD
8/5/21,139.6753235,141.0156097,135.4788513,140.4652863,299063884,USD
8/6/21,140.4773865,146.7686768,139.5211182,145.2454529,309463762,USD
8/7/21,145.1992798,159.7024994,144.5492554,155.1973419,469801057,USD
8/8/21,155.1519165,155.2816925,144.7414398,144.8588409,366080341,USD
8/9/21,144.8884125,159.4107361,142.9309692,157.7111664,496350243,USD
8/10/21,157.5666199,159.3363495,149.6286163,153.0340881,376761220,USD
8/11/21,153.0378876,163.5084076,153.037735,158.9902802,441448855,USD
8/12/21,159.0187836,164.4386902,151.2918091,153.9339142,394440170,USD
8/13/21,154.035553,166.0821991,153.4586639,165.8663483,387507040,USD
8/14/21,165.8910828,167.7246246,159.3757935,165.6859741,436219554,USD
8/15/21,165.7388,173.3529968,162.6349792,172.3546906,532269992,USD
8/16/21,172.3134308,176.3094025,165.3360443,166.8246155,436197480,USD
8/17/21,166.7621613,171.0521851,156.6280212,158.1241913,375396653,USD
8/18/21,158.1027832,160.426712,153.2670746,156.0757751,340467110,USD
8/19/21,156.0305023,159.7541962,150.9890137,159.7541962,317159716,USD
8/20/21,159.7657928,172.6810303,158.0287323,171.6987915,418699501,USD
8/21/21,171.6280365,173.0610962,165.5871887,167.9105377,357069959,USD
8/22/21,167.9605408,169.5406647,160.6806335,165.886734,315917392,USD
8/23/21,165.8731537,170.6242371,165.7113647,168.2239227,332703562,USD
8/24/21,168.2610474,169.5340271,159.1794128,160.3913116,329665436,USD
8/25/21,160.4108124,165.310379,158.283371,164.6107635,351083826,USD
8/26/21,164.6677399,165.7580719,153.5550079,155.3291931,352080851,USD
8/27/21,155.407074,162.5686035,154.7622223,161.5417938,333419497,USD
8/28/21,161.7786102,185.6542206,160.1850586,177.1996765,403507002,USD
8/29/21,178.6235962,213.4388885,165.5101318,195.9171448,1252875663,USD
8/30/21,195.4035645,201.4226074,169.6985016,173.0208588,540973027,USD
8/31/21,173.0076294,175.2959442,162.5032501,169.1644745,346917447,USD
9/1/21,169.1254883,172.4220123,165.9864197,171.7679749,313037806,USD
9/2/21,171.7875671,183.7346954,168.0301971,168.3143005,352803699,USD
9/3/21,168.517868,178.4130249,168.3890686,176.6156616,640886173,USD
9/4/21,176.6889954,202.1969452,174.2212067,198.7162476,495527678,USD
9/5/21,198.69841,199.6232758,188.7154083,196.2144318,401398988,USD
9/6/21,196.1657257,201.4581299,191.3451843,194.7419739,473672862,USD
9/7/21,194.8383179,195.7741852,147.6381531,158.6387939,794199337,USD
9/8/21,158.5387573,166.2036743,152.0119629,155.8577423,693664591,USD
9/9/21,155.5801849,169.9844971,153.8162231,156.4656372,404326482,USD
9/10/21,156.4847412,166.8487091,154.2985992,156.5926819,366951704,USD
9/11/21,156.6150208,159.0093994,151.4238586,155.4788208,279619492,USD
9/12/21,155.4834595,158.6066742,152.3641205,156.7489319,260292636,USD
9/13/21,156.7603607,160.4312134,147.4309845,157.4129486,418491061,USD
9/14/21,157.4829102,162.9357758,153.1162872,160.2131195,279140694,USD
9/15/21,160.1745758,170.1822052,151.5658112,157.3181915,298863449,USD
9/16/21,157.3177643,167.1234741,154.6313324,156.2901154,375177887,USD
9/17/21,156.3088379,167.4942627,156.0862427,159.0575867,320172490,USD
9/18/21,159.0949097,173.7266846,155.6288605,157.1176605,301893971,USD
9/19/21,157.1651154,175.3679504,155.0812378,162.2528687,253197150,USD
9/20/21,162.2603912,162.2603912,134.0825195,135.100296,459824792,USD
9/21/21,135.1614532,160.3123932,130.7567902,138.1844025,645158666,USD
9/22/21,138.2437897,154.0116425,138.2437897,146.9563141,391194438,USD
9/23/21,146.978653,147.3725128,143.2753448,146.664444,267637189,USD
9/24/21,146.667099,151.8649139,126.7528076,134.4101563,523481093,USD
9/25/21,134.4199524,136.7057495,130.4847717,134.7538757,331302574,USD
9/26/21,134.7569733,141.0449371,118.8842773,129.5789185,610311156,USD
9/27/21,129.6158295,132.1880951,125.8404846,127.6989212,378898405,USD
9/28/21,127.6821518,130.5897369,123.9857635,124.6066132,376903627,USD
9/29/21,124.628479,129.5357361,122.9113998,126.8760757,309867309,USD
9/30/21,126.8716583,131.8064728,126.1957169,129.4089966,244145483,USD
10/1/21,129.4455109,140.2784576,128.4777527,139.6716919,309679420,USD
10/2/21,139.6737976,143.2013702,138.0263519,139.3317566,245981064,USD
10/3/21,139.2906036,146.7216644,137.945282,145.0488434,269092550,USD
10/4/21,145.0559998,149.580658,140.2382813,144.7346497,291404541,USD
10/5/21,144.7236786,158.022171,144.0883636,154.9594116,296145683,USD
10/6/21,155.0125427,164.0330963,147.2321777,152.2515106,369887386,USD
10/7/21,152.0171051,184.3339233,147.4328461,184.3339233,834775333,USD
10/8/21,184.309845,184.309845,174.0339355,176.5225067,442610128,USD
10/9/21,176.5453491,180.9901428,172.3087158,179.8988342,329143865,USD
10/10/21,179.9959869,185.2189941,173.0853119,173.8834229,363052342,USD
10/11/21,173.8399963,181.3593445,172.7556763,179.0371399,368498385,USD
10/12/21,179.1207886,179.1730194,164.1797028,169.7019653,569963479,USD
10/13/21,169.6265259,174.2923279,166.0784607,171.9494934,407534529,USD
10/14/21,171.9901123,175.4477081,170.8809662,172.3947906,311068267,USD
10/15/21,172.4361877,178.0535889,169.2294159,173.1269684,428251189,USD
10/16/21,173.1968231,178.0021973,170.9355469,171.7786713,284995746,USD
10/17/21,171.7589417,175.3868103,165.5638275,169.1285095,277928245,USD
10/18/21,169.1434021,174.2680817,166.291687,168.2514648,299839565,USD
10/19/21,168.2536163,174.5149994,166.9985352,170.4859467,222650674,USD
10/20/21,170.5031433,176.1343842,169.0909424,176.1342926,231915554,USD
10/21/21,176.1637115,178.5840607,170.5486603,170.798645,265407553,USD
10/22/21,170.78862,173.7214966,168.7620239,170.9129028,219336561,USD
10/23/21,170.9191284,172.681076,169.6160583,172.5839386,174770714,USD
10/24/21,172.6218414,176.8864594,169.5865326,172.5368347,236535098,USD
10/25/21,172.4438629,174.5094757,170.9917145,172.3366699,186170055,USD
10/26/21,172.3547211,174.4795685,170.3493347,171.835434,207999390,USD
10/27/21,171.8534241,172.8922272,154.3390045,154.3390045,346039229,USD
10/28/21,154.3489685,164.7740631,154.1116943,162.5881042,301527860,USD
10/29/21,162.609375,166.6912842,160.7927399,165.8844757,238743832,USD
10/30/21,165.8585663,166.358017,159.8214111,161.9985962,181299485,USD
10/31/21,162.2133331,166.6928558,160.8933716,165.5103607,198699491,USD
11/1/21,165.5374298,168.3821106,162.2283783,164.605957,203508581,USD
11/2/21,164.6356201,169.3746796,163.313385,169.3746796,188691766,USD
11/3/21,169.4191895,170.9805145,165.0648956,169.8624725,222857971,USD
11/4/21,169.871048,173.9613953,166.5199432,172.0471497,261662230,USD
11/5/21,171.992691,177.0354309,170.057251,174.3717041,253721545,USD
11/6/21,174.3644867,174.3644867,166.4378967,169.1115112,191910101,USD
11/7/21,169.1350861,169.9644012,166.3755798,169.259201,186109720,USD
11/8/21,169.2927856,178.4837341,169.2927856,177.8011627,292218964,USD
11/9/21,177.9095306,192.783493,177.9095306,192.783493,477749765,USD
11/10/21,192.9470367,198.7561646,176.5552063,180.1154785,510881854,USD
11/11/21,180.0122223,181.3001099,176.3826447,176.9573212,225698572,USD
11/12/21,176.8633728,180.0372314,168.2657928,172.88237,236931057,USD
11/13/21,172.9520874,175.8825531,170.8918152,174.5619354,149357803,USD
11/14/21,174.548645,178.3128662,174.3725586,178.2216797,165387267,USD
11/15/21,178.2170105,180.0751343,173.3027802,173.7631073,184481610,USD
11/16/21,173.864212,173.864212,159.8525543,163.1069031,273592035,USD
11/17/21,163.1128845,166.8701935,160.4999695,163.3936615,233657840,USD
11/18/21,163.4170532,164.4142609,147.8025818,149.8052979,262380590,USD
11/19/21,149.8284302,155.3485107,145.6041718,155.3195648,183798670,USD
11/20/21,155.370163,158.3014679,153.7520752,158.0451508,154832052,USD
11/21/21,158.0669861,162.3733063,156.1312408,160.6053619,124438573,USD
11/22/21,160.7386169,161.0175781,153.1055908,154.5822754,150886164,USD
11/23/21,154.4964752,156.3096771,151.6178131,155.826416,142221966,USD
11/24/21,155.8104248,159.1531982,152.4911041,153.1304321,140437819,USD
11/25/21,159.1840973,162.2493439,155.9064636,156.2216949,155351427,USD
11/26/21,160.2314606,160.3283844,144.7469635,144.9550171,204524657,USD
11/27/21,145.0013123,149.413147,143.1802521,145.8266144,149696800,USD
11/28/21,146.0258484,153.1868439,141.9762573,151.3834839,231165250,USD
11/29/21,151.4198456,154.2574463,147.3291473,151.8622437,154055542,USD
11/30/21,151.8458099,155.3537445,147.7846069,150.092392,177142245,USD
12/1/21,149.9580231,153.0584869,147.1891174,148.3392334,159476360,USD
12/2/21,148.3345795,152.7669678,144.2186737,148.4510956,174902584,USD
12/3/21,148.4861298,150.5550537,139.9553986,141.4825745,157066588,USD
12/4/21,141.4770508,142.6874084,83.86984253,129.9614105,724979434,USD
12/5/21,129.9432068,129.9812622,117.6582336,121.1891479,369127308,USD
12/6/21,121.2168198,154.9584808,113.8815994,154.3169861,845814022,USD
12/7/21,154.40625,175.4176331,145.3707886,163.3034058,838205620,USD
12/8/21,163.2846985,163.7294006,146.9160767,149.2369232,440841219,USD
12/9/21,149.1473236,151.2296753,130.5026855,134.4957886,358709929,USD
12/10/21,134.5879822,140.6934814,129.6219177,130.9888763,297847678,USD
12/11/21,130.9694214,141.8224182,128.4461365,137.0275726,325299141,USD
12/12/21,136.9962311,137.3870087,131.4067841,134.2718506,149327320,USD
12/13/21,134.2976074,134.2976074,121.1674271,125.4314041,263819581,USD
12/14/21,125.4768066,129.0480804,121.8416748,121.9859772,450479342,USD
12/15/21,125.7889938,128.4195557,120.5876236,127.4898758,864383369,USD
12/16/21,127.488205,129.3156891,122.031189,122.1335602,542756106,USD
12/17/21,122.1648788,126.7241211,118.1984863,125.3548813,657748771,USD
12/18/21,125.429039,127.2402039,121.8474426,127.0102768,603852896,USD
12/19/21,127.0051727,127.7905502,122.9050522,123.1130142,424672258,USD
12/20/21,123.1014938,125.1465912,120.1375961,121.7880249,519567664,USD
12/21/21,121.7779007,125.6502838,121.7336426,124.7252808,461752443,USD
12/22/21,124.7512665,126.2691193,122.9830933,123.8199234,359011923,USD
12/23/21,123.8157272,129.2870636,122.2401352,129.2824249,506721538,USD
12/24/21,129.305069,132.4438629,127.6242981,129.2213745,535906606,USD
12/25/21,129.2564697,130.9701233,127.4749603,128.6592407,339990031,USD
12/26/21,128.6168671,129.0869141,125.8147354,127.9117355,149814362,USD
12/27/21,127.9399872,132.7978363,127.3523636,127.6310806,151675885,USD
12/28/21,127.5538025,127.847908,121.147789,122.1489944,133052778,USD
12/29/21,122.117836,127.5342712,120.8570328,121.4426651,179917678,USD
12/30/21,121.3864899,123.3837509,120.3072891,122.3784027,106086731,USD
12/31/21,122.3619232,125.6122742,120.4526443,121.1824722,133352318,USD
1/1/22,121.1920547,122.8807297,121.1174469,122.7418747,89807393,USD
1/2/22,122.7144699,125.2275925,122.4758606,124.2180786,99589701,USD
1/3/22,124.2115707,124.2192993,120.7628632,122.2322083,82370966,USD
1/4/22,122.2156296,123.8650894,120.8139267,121.1910172,90423369,USD
1/5/22,121.2673492,122.9509201,112.6652832,114.6937332,116950325,USD
1/6/22,114.70298,114.70298,109.4456863,111.605011,138948706,USD
1/7/22,111.5874023,119.917778,105.6055832,110.2683792,220604677,USD
1/8/22,110.2694168,113.5465393,104.9080582,107.7485657,150607459,USD
1/9/22,107.7785263,111.0106888,106.5735703,109.3499298,104203290,USD
1/10/22,109.3480225,110.2521286,102.5556107,106.4470139,158347657,USD
1/11/22,106.4254074,110.6067123,106.1059113,109.7141647,101457529,USD
1/12/22,109.7384415,113.7632141,109.3388062,112.8794098,95917389,USD
1/13/22,112.8741226,113.6834717,109.0911713,109.4137955,88442612,USD
1/14/22,109.4202728,114.582901,108.9828033,112.9308548,120900254,USD
1/15/22,112.9165268,114.3035812,112.0593491,112.8400345,80066081,USD
1/16/22,112.8370285,113.3946991,111.7946091,112.5801697,71071690,USD
1/17/22,112.5826416,113.4867096,109.1337357,110.0777054,92725571,USD
1/18/22,110.0750656,113.1227646,106.8515167,108.5208893,112482210,USD
1/19/22,108.5148773,112.299408,107.962738,109.8532028,105072842,USD
1/20/22,109.8684921,111.7667007,104.2170105,104.22715,88549483,USD
1/21/22,104.2612228,106.3498154,96.11087799,96.50861359,183872645,USD
1/22/22,96.5322113,96.79627228,84.07116699,89.16770172,257104197,USD
1/23/22,89.2035675,94.08711243,87.9284668,93.4823761,137989301,USD
1/24/22,93.46882629,101.4118195,84.05950928,91.55918121,410488144,USD
1/25/22,91.56363678,93.79981232,88.82971191,90.44632721,161344829,USD
1/26/22,90.44831848,95.52606964,89.52572632,90.84364319,155593078,USD
1/27/22,90.82585907,91.73023224,85.62630463,89.08479309,128517032,USD
1/28/22,89.02528381,90.75701904,87.33155823,90.43515015,120054491,USD
1/29/22,90.43556213,93.06341553,90.11943817,92.48723602,90625338,USD
1/30/22,92.50395203,92.87871552,89.16764069,90.32723236,83543724,USD
1/31/22,90.32523346,92.02065277,87.75305939,91.43099213,87090066,USD
2/1/22,91.43268585,92.86808014,90.90093994,91.68785095,87073892,USD
2/2/22,91.7009201,94.25741577,89.99437714,90.14388275,97697236,USD
2/3/22,90.12316895,90.28072357,87.69521332,89.63700867,91301873,USD
2/4/22,89.62986755,95.68106079,89.36185455,95.66139221,116293557,USD
2/5/22,95.67481232,98.18733978,94.70293427,96.9495697,100807240,USD
2/6/22,96.94743347,99.08065796,96.34894562,98.68241119,81367287,USD
2/7/22,98.67786407,103.1179657,97.33490753,102.4037018,130915225,USD
2/8/22,102.4349747,105.7708435,98.20908356,101.1168976,153957651,USD
2/9/22,101.198822,102.1458359,99.27121735,101.6430588,94290486,USD
2/10/22,101.6477966,103.1463699,98.63098145,98.66488647,114273280,USD
2/11/22,98.67298889,100.5325775,93.84594727,94.73016357,107023029,USD
2/12/22,94.72405243,95.44332886,92.98692322,94.10166168,86792665,USD
2/13/22,94.07794189,95.42334747,92.7190094,93.05176544,73260540,USD
2/14/22,93.00065613,94.83669281,90.87638855,94.10701752,88253673,USD
2/15/22,94.10784149,97.67583466,93.64281464,97.4691925,82923663,USD
2/16/22,97.47657013,97.50508881,93.84339905,94.74409485,84535959,USD
2/17/22,94.72959137,95.07402802,87.01091003,87.64551544,96893643,USD
2/18/22,87.66816711,89.48485565,86.63490295,87.52022552,86122566,USD
2/19/22,87.50531006,88.57269287,86.08271027,87.59874725,58537079,USD
2/20/22,87.59468079,87.72285461,83.53012848,84.6835022,78075299,USD
2/21/22,84.6644516,86.62895203,81.17999268,81.17999268,118299267,USD
2/22/22,81.15073395,83.49927521,79.77684784,83.41156769,91524665,USD
2/23/22,83.40499878,85.6319809,82.45288849,82.45288849,76849215,USD
2/24/22,82.45797729,83.48944855,74.57015991,82.00782776,175609302,USD
2/25/22,82.0050354,85.28395081,81.76062775,84.78307343,112282653,USD
2/26/22,84.78607178,87.16178131,84.41966248,84.85598755,86643358,USD
2/27/22,84.83570862,85.76287079,81.23613739,81.79857635,84011008,USD
2/28/22,81.79419708,88.39363861,81.31210327,88.38461304,109830089,USD
3/1/22,88.4019928,90.8601532,86.03362274,87.60221863,123791409,USD
3/2/22,87.60894775,88.29374695,85.48461151,86.0607605,97822283,USD
3/3/22,86.06007385,86.20616913,82.70849609,83.39296722,76060296,USD
3/4/22,83.40072632,85.73580933,79.26974487,79.66884613,198305616,USD
3/5/22,79.69784546,81.23731232,78.59273529,81.19998169,93757943,USD
3/6/22,81.20649719,81.85961914,77.85620117,77.85620117,114016026,USD
3/7/22,77.86671448,79.88748169,75.79675293,76.5723877,119362538,USD
3/8/22,76.57043457,79.30105591,76.42466736,78.62216187,137152009,USD
3/9/22,78.64717102,83.8484726,78.46707916,83.28424835,175512549,USD
3/10/22,83.27069092,83.81082153,78.37406921,78.64579773,131018276,USD
3/11/22,78.65114594,79.51605225,77.40899658,78.03113556,127146548,USD
3/12/22,78.02996063,79.09129333,78.02071381,78.13827515,63509393,USD
3/13/22,78.12016296,78.61478424,75.33857727,75.4793396,64171468,USD
3/14/22,75.46969604,75.657547,74.26087952,75.59648132,95604190,USD
3/15/22,75.59708405,76.71157074,74.35298157,75.84013367,115739371,USD
3/16/22,75.83529663,78.26350403,75.3706665,78.13217163,147511188,USD
3/17/22,78.12846375,78.47753906,77.18844604,77.89058685,69963093,USD
3/18/22,77.8956604,80.50092316,77.0252533,80.35546875,92361795,USD
3/19/22,80.34963226,83.05500793,80.34963226,83.05500793,96743449,USD
3/20/22,83.07040405,87.03955841,81.06742096,85.02537537,141324366,USD
3/21/22,84.99615479,87.10184479,83.64839935,84.97483063,152663018,USD
3/22/22,84.97489929,91.76208496,84.69996643,91.55213928,192740400,USD
3/23/22,91.54722595,93.3540802,89.11798859,90.85149384,138934972,USD
3/24/22,90.83966064,91.63498688,88.08974457,91.00537109,127379707,USD
3/25/22,91.02339935,93.31827545,89.23162079,89.77833557,147814200,USD
3/26/22,89.77912903,90.16214752,88.71364594,89.98526764,97671283,USD
3/27/22,90.00496674,94.7960434,89.63700867,94.76941681,123867694,USD
3/28/22,94.78987122,99.0040741,94.57173157,95.73916626,186305353,USD
3/29/22,95.70162201,99.77102661,94.78829193,97.4300766,204195480,USD
3/30/22,97.43320465,100.0449982,95.80474854,98.09941101,178543597,USD
3/31/22,98.09237671,99.61323547,93.41670227,94.54481506,155022581,USD
4/1/22,94.56213379,96.68889618,91.98926544,95.82549286,168609193,USD
4/2/22,95.8349762,100.1426086,95.32568359,99.16558838,217982810,USD
4/3/22,99.15351105,101.3805161,96.54762268,100.4764175,175446889,USD
4/4/22,100.4618683,100.4618683,95.62059021,97.87709808,159770360,USD
4/5/22,97.8972168,99.63985443,95.69094849,95.71284485,109521296,USD
4/6/22,95.70445251,96.0402832,89.15846252,89.15846252,160535719,USD
4/7/22,89.15461731,91.17041016,88.05664063,89.75844574,156606148,USD
4/8/22,89.77613068,90.82212067,85.68823242,86.15536499,121521139,USD
4/9/22,86.14884949,87.03382874,85.92801666,86.86521149,95642737,USD
4/10/22,86.8651123,87.99914551,85.81745148,85.87845612,96613112,USD
4/11/22,85.81822968,86.07694244,79.61482239,79.96840668,121108017,USD
4/12/22,79.98033905,83.53646088,79.80664063,82.83557129,137923719,USD
4/13/22,82.82629395,87.23867035,82.08576202,86.69646454,122524864,USD
4/14/22,86.68352509,87.71737671,83.74951172,84.74763489,86353449,USD
4/15/22,84.75127411,86.16905212,84.43997192,85.73918915,84524237,USD
4/16/22,85.73724365,87.69121552,85.10525513,87.28814697,94070287,USD
4/17/22,87.28124237,87.54248047,83.49284363,83.75012207,87598078,USD
4/18/22,83.82750702,84.66326141,81.14033508,84.60668182,132015833,USD
4/19/22,84.61048126,86.11726379,83.91322327,86.1018219,99881424,USD
4/20/22,86.10985565,86.75704193,84.79047394,85.33430481,96880565,USD
4/21/22,85.32707977,86.93055725,81.34713745,81.89317322,107808279,USD
4/22/22,81.89002228,83.58367157,79.2585144,79.42195129,109489104,USD
4/23/22,79.41020203,80.34832001,79.18380737,79.20982361,70612905,USD
4/24/22,79.20388031,81.1920929,79.18122864,79.9779892,85021094,USD
4/25/22,79.9845047,80.79128265,76.88964081,80.6207428,107391126,USD
4/26/22,80.60470581,81.15093231,76.28287506,76.56075287,121659644,USD
4/27/22,76.56121063,78.4656601,76.20490265,77.96166992,119069642,USD
4/28/22,77.97642517,79.51426697,77.64981079,78.18901062,137023105,USD
4/29/22,78.16764069,79.50891876,75.32643127,75.87355042,128187697,USD
4/30/22,75.87023163,75.99568939,70.68125916,71.37624359,147761172,USD
5/1/22,71.37650299,74.64214325,71.23165894,73.91665649,184992619,USD
5/2/22,73.91159058,76.47873688,72.68405151,73.99224091,186447429,USD
5/3/22,73.99253082,75.02920532,71.22131348,72.70140076,125612494,USD
5/4/22,72.6866684,78.83638,72.46440125,78.67789459,144119306,USD
5/5/22,78.67248535,79.58169556,71.62413025,73.82733917,191031956,USD
5/6/22,73.82106781,73.82106781,70.86925507,72.44030762,163445859,USD
5/7/22,72.44165039,72.4748764,69.7015686,70.45682526,114702662,USD
5/8/22,70.44541931,70.94985962,68.85192871,70.12380219,133189758,USD
5/9/22,70.13225555,70.75321198,60.55909348,60.55909348,223500119,USD
5/10/22,60.45140457,65.63027191,60.03396606,63.38691711,287445758,USD
5/11/22,63.38621521,63.68280792,50.29917908,52.50019836,488289084,USD
5/12/22,52.5059433,54.09340286,45.68642044,49.73712921,495906693,USD
5/13/22,49.69945526,54.68480682,49.06687546,52.07389832,206833831,USD
5/14/22,52.06650162,54.91605377,49.1532135,54.17514801,166013017,USD
5/15/22,54.16303635,54.96271133,51.82345581,54.95495987,125586369,USD
5/16/22,54.92783356,55.0361824,51.38727951,53.58927155,150879795,USD
5/17/22,53.58127975,56.04989243,53.37186432,55.67879868,139539763,USD
5/18/22,55.68515396,56.99528503,50.5192337,50.5192337,139392508,USD
5/19/22,50.49533463,52.85870743,49.52357864,51.15423965,149492451,USD
5/20/22,51.13867569,51.97541428,48.23669434,49.27688599,144374042,USD
5/21/22,49.26288986,49.26288986,47.49078751,48.69305038,120180138,USD
5/22/22,48.69189453,51.07300568,48.48626709,50.84553909,114016756,USD
5/23/22,50.82073975,54.01441956,50.36043549,50.90263367,160312905,USD
5/24/22,50.90694809,53.54883194,49.4236145,53.19475937,140546343,USD
5/25/22,53.18606949,54.18232727,51.59456253,53.31431961,144311411,USD
5/26/22,53.32015991,53.53251266,47.97108841,49.20460892,163007540,USD
5/27/22,49.18148804,49.20926666,47.23501968,47.88129044,174327512,USD
5/28/22,48.64003372,49.55760193,47.73167801,49.23684311,110688788,USD
5/29/22,49.22246933,52.7714653,49.22246933,52.50889587,189186643,USD
5/30/22,52.50281525,56.01945496,52.27980042,55.76754761,138272215,USD
5/31/22,55.75385666,55.94594193,53.39212799,54.19136047,133139315,USD
6/1/22,54.19796371,55.53308487,51.12162018,51.96312332,154425320,USD
6/2/22,51.95183563,54.0463829,51.31926346,53.84355545,133242245,USD
6/3/22,53.84023666,58.17555237,53.8326416,55.28318024,173214926,USD
6/4/22,55.28755951,57.38681412,53.78283691,56.90869522,87974576,USD
6/5/22,56.9187355,57.34846115,55.78118134,56.41278458,85831463,USD
6/6/22,56.42009735,59.03692627,56.33811188,57.65036774,99554521,USD
6/7/22,57.65080643,58.95359421,54.19958878,57.48792648,124378202,USD
6/8/22,57.48461914,58.08169937,56.0078125,56.83887863,96375301,USD
6/9/22,56.84172058,57.77201843,55.59255219,55.89809418,75605686,USD
6/10/22,55.9003334,61.43744278,55.02249527,57.53443527,222397973,USD
6/11/22,57.51184845,57.63235474,51.00653839,53.05462646,133633452,USD
6/12/22,53.07323456,53.07323456,48.70105362,48.70854187,119867065,USD
6/13/22,48.6805687,48.6805687,42.87386703,46.39973831,275508592,USD
6/14/22,46.44358063,57.74199677,44.59257889,53.92556,429923807,USD
6/15/22,53.92490768,56.30049515,48.47839355,55.26654816,163099966,USD
6/16/22,55.2881813,57.81029129,50.1475296,50.80146408,98134521,USD
6/17/22,50.82028961,54.89899445,50.51410675,54.34962845,90086479,USD
6/18/22,54.33397293,56.01845169,50.86244202,55.56705093,114291769,USD
6/19/22,55.5996666,61.19585037,54.4637413,60.33852386,164190138,USD
6/20/22,60.32111359,64.85948181,60.11011887,64.22621155,192938848,USD
6/21/22,64.19060516,67.164711,62.55099487,63.60076523,146247467,USD
6/22/22,63.67941284,64.68900299,62.04230118,62.08611679,105603419,USD
6/23/22,62.09381485,64.96491241,61.79125595,64.27127075,86939567,USD
6/24/22,64.27201843,65.09293365,63.27116776,64.34415436,87850654,USD
6/25/22,64.35379028,64.53559875,62.33206177,63.93337631,71539143,USD
6/26/22,63.89551544,64.21141052,61.26296997,61.2738266,62112123,USD
6/27/22,61.25653839,62.19699097,59.59114075,60.16280365,65582334,USD
6/28/22,60.14419174,60.42020035,57.22880554,57.23363495,64788666,USD
6/29/22,57.2285614,57.86141968,56.05986404,57.05352783,68123061,USD
6/30/22,57.06283569,57.18569565,52.43066025,55.41696548,76493520,USD
7/1/22,55.51287842,56.59672165,51.44694901,52.00607681,80965955,USD
7/2/22,52.00967026,55.47100067,51.48658752,53.70886993,78688187,USD
7/3/22,53.71463776,53.72805405,51.8800087,53.0868721,58941337,USD
7/4/22,53.08869934,55.81860352,52.22460556,55.70156097,66811092,USD
7/5/22,55.70417786,56.50140381,52.55332184,54.15596771,70752284,USD
7/6/22,54.15862656,54.77371597,52.98127747,54.52620697,61952866,USD
7/7/22,54.52853394,56.28568649,54.1310997,55.79684448,60826369,USD
7/8/22,55.80014801,58.39247894,55.56721878,56.69934845,93346790,USD
7/9/22,56.69961166,57.6170578,56.26274872,57.00663376,50252841,USD
7/10/22,57.0068779,57.0068779,54.17186356,54.35532379,52149591,USD
7/11/22,54.34838486,54.34838486,50.05825043,50.22156143,42655163,USD
7/12/22,50.21307755,51.52856445,49.15242767,49.56753922,46651844,USD
7/13/22,49.56523132,51.76146317,48.95804977,51.76146317,45340176,USD
7/14/22,51.74029922,52.34906387,50.37856674,52.17496872,45280375,USD
7/15/22,52.17708206,53.34302139,51.92090607,52.52535248,37568203,USD
7/16/22,52.52174377,54.54582977,51.85440063,54.15698624,32898060,USD
7/17/22,54.15675354,55.89733505,53.38553619,53.76816177,48773132,USD
7/18/22,53.78815842,57.57081604,53.76239395,57.57081604,77449863,USD
7/19/22,57.51921082,59.37659073,55.51152802,58.09010696,59512403,USD
7/20/22,58.09113693,58.77839279,55.62377167,55.73655319,54893084,USD
7/21/22,55.74075317,56.99047089,54.9520607,56.67855453,53035080,USD
7/22/22,56.66837311,60.21940994,56.56349564,58.08910751,99360691,USD
7/23/22,58.05494308,58.9794426,56.24695587,57.26723862,40640787,USD
7/24/22,57.26973343,58.84072113,57.23442078,58.25055695,40182678,USD
7/25/22,58.23574829,58.91103745,54.24156189,54.24872971,41896618,USD
7/26/22,54.2299118,54.4251442,52.33348465,54.4251442,36842360,USD
7/27/22,54.41620636,57.96572113,53.49003983,57.94465637,42465006,USD
7/28/22,57.92688751,64.27763367,57.92688751,62.86585999,116461380,USD
7/29/22,62.85984421,67.33679962,61.7952652,66.05511475,144148375,USD
7/30/22,66.0185318,66.31490326,62.23681641,62.43066406,61590093,USD
7/31/22,62.4393425,63.62999725,61.1830864,61.20689392,44919532,USD
8/1/22,61.20633316,61.88313293,59.09584427,60.64161682,47173505,USD
8/2/22,60.63806915,64.41345978,58.48236465,60.99547195,83884231,USD
8/3/22,60.97841263,62.49024582,59.45938873,60.30435562,48488995,USD
8/4/22,60.3107605,61.71635437,59.59792328,60.23859406,43677748,USD
8/5/22,60.21100616,62.27529144,60.1896286,62.0749588,51036824,USD
8/6/22,62.0959053,62.53845596,61.41974258,61.52083206,40186656,USD
8/7/22,61.51751328,62.73571777,60.86461258,61.913414,52968865,USD
8/8/22,61.91861343,63.93374634,61.53310776,62.26763153,45932878,USD
8/9/22,62.2835083,62.7643013,59.3115387,59.74344254,43085376,USD
8/10/22,59.75530243,62.33095551,59.43880463,62.26247406,62944920,USD
8/11/22,62.27487946,64.18956757,61.82595444,61.99195099,59783753,USD
8/12/22,61.98571396,63.66691971,61.78362274,63.58895874,58267091,USD
8/13/22,63.59609222,64.08638,62.89931107,63.32714844,41247757,USD
8/14/22,63.33465195,64.32749939,61.78263855,62.47066879,47646759,USD
8/15/22,62.46730042,63.98592377,60.73209,61.428936,56709568,USD
8/16/22,61.41766357,62.25664902,60.33491135,61.04576874,60005049,USD
8/17/22,61.04760361,63.46388626,59.33853912,59.73641968,68828760,USD
8/18/22,59.75491333,60.64147186,57.63983917,57.63983917,62202694,USD
8/19/22,57.77171326,57.77171326,51.37949371,51.52913666,118431159,USD
8/20/22,51.53180695,52.99746323,51.19924545,52.9849968,56692198,USD
8/21/22,52.98839951,55.06548309,52.98591232,54.92619324,66055022,USD
8/23/22,55.26334381,55.28175354,54.42803955,54.4991684,65700896,USD